Workbook

Sheet AAPL Monthly
A1: Column1 | B1: Column2 | C1: Column3 | D1: Column4 | E1: Column5 | F1: Column6 | G1: Column7 | H1: Column8 | N1: Column1
A2: Date | B2: Open | C2: High | D2: Low | E2: Close | F2: Volume | G2: Adj Close | H2: Month Date | I2: Return Close | J2: Return Adj. Close
A3: 8/3/15 | B3: 121.5 | C3: 122.57 | D3: 92 | E3: 112.760002 | F3: 79152700 | G3: 110.997612 | N3: Mean | O3: 0.0042765175
A4: 9/1/15 | B4: 110.150002 | C4: 116.889999 | D4: 107.360001 | E4: 110.300003 | F4: 60620000 | G4: 108.576057 | H4: 2015/08 | I4: =(E4-E3)/E3 -> -0.021816238 | J4: =(G4-G3)/G3 -> -0.02181628 | N4: Standard Error | O4: 0.036637873
A5: 10/1/15 | B5: 109.07 | C5: 121.220001 | D5: 107.309998 | E5: 119.5 | F5: 52797300 | G5: 117.632263 | H5: 2015/09 | I5: =(E5-E4)/E4 -> 0.083408855 | J5: =(G5-G4)/G4 -> 0.083408868 | N5: Median | O5: -0.0012875671
A6: 11/2/15 | B6: 120.800003 | C6: 123.82 | D6: 111 | E6: 118.300003 | F6: 39491000 | G6: 116.949501 | H6: 2015/10 | I6: =(E6-E5)/E5 -> -0.010041816 | J6: =(G6-G5)/G5 -> -0.005804207 | N6: Mode | O6: #N/A
A7: 12/1/15 | B7: 118.75 | C7: 119.860001 | D7: 104.82 | E7: 105.260002 | F7: 43750400 | G7: 104.058365 | H7: 2015/11 | I7: =(E7-E6)/E6 -> -0.11022824 | J7: =(G7-G6)/G6 -> -0.11022823 | N7: Standard Deviation | O7: 0.0969347
A8: 1/4/16 | B8: 102.610001 | C8: 105.849998 | D8: 92.389999 | E8: 97.339996 | F8: 70329700 | G8: 96.228775 | H8: 2015/12 | I8: =(E8-E7)/E7 -> -0.075242313 | J8: =(G8-G7)/G7 -> -0.075242293 | N8: Sample Variance | O8: 0.0093963361
A9: 2/1/16 | B9: 96.470001 | C9: 98.889999 | D9: 92.589996 | E9: 96.690002 | F9: 42303900 | G9: 96.104874 | H9: 2016/01 | I9: =(E9-E8)/E8 -> -0.0066775635 | J9: =(G9-G8)/G8 -> -0.0012875671 | N9: Kurtosis | O9: -1.2746574 | Q9: Sharpe Ratio
A10: 3/1/16 | B10: 97.650002 | C10: 110.419998 | D10: 97.419998 | E10: 108.989998 | F10: 35088000 | G10: 108.330437 | H10: 2016/02 | I10: =(E10-E9)/E9 -> 0.12721063 | J10: =(G10-G9)/G9 -> 0.12721064 | N10: Skewness | O10: -0.20698614 | Q10: =(O3-0)/O7 -> 0.044117509
A11: 4/1/16 | B11: 108.779999 | C11: 112.389999 | D11: 92.510002 | E11: 93.739998 | F11: 44805400 | G11: 93.172722 | H11: 2016/03 | I11: =(E11-E10)/E10 -> -0.1399211 | J11: =(G11-G10)/G10 -> -0.13992111 | N11: Range | O11: 0.26713175
A12: 5/2/16 | B12: 93.970001 | C12: 100.730003 | D12: 89.470001 | E12: 99.860001 | F12: 44903700 | G12: 99.860001 | H12: 2016/04 | I12: =(E12-E11)/E11 -> 0.065286997 | J12: =(G12-G11)/G11 -> 0.071772927 | N12: Minimum | O12: -0.13992111
A13: 6/1/16 | B13: 99.019997 | C13: 101.889999 | D13: 91.5 | E13: 95.599998 | F13: 37060600 | G13: 95.599998 | H13: 2016/05 | I13: =(E13-E12)/E12 -> -0.042659753 | J13: =(G13-G12)/G12 -> -0.042659753 | N13: Maximum | O13: 0.12721064
A14: 7/1/16 | B14: 95.489998 | C14: 104.550003 | D14: 94.370003 | E14: 104.209999 | F14: 34748300 | G14: 104.209999 | H14: 2016/06 | I14: =(E14-E13)/E13 -> 0.090062774 | J14: =(G14-G13)/G13 -> 0.090062774 | N14: Sum | O14: 0.029935623
A15: 8/1/16 | B15: 104.410004 | C15: 106.150002 | D15: 104.410004 | E15: 106.050003 | F15: 74998000 | G15: 106.050003 | H15: 2016/07 | I15: =(E15-E14)/E14 -> 0.017656693 | J15: =(G15-G14)/G14 -> 0.017656693 | N15: Count | O15: 7
N16: Confidence Level(95.0%) | O16: 0.089649645
E18: Converting into decimal return
A19: Date | B19: VBTLX | C19: VFIAX | E19: Date | F19: VBTLX | G19: VFIAX
A20: 40909 | B20: 0.88 | C20: 4.47 | E20: 40909 | F20: 0.0088 | G20: 0.0447
A21: Feb-12 | B21: -0.04 | C21: 4.32 | E21: Feb-12 | F21: -0.0004 | G21: 0.0432
A22: 40969 | B22: -0.57 | C22: 3.29 | E22: 40969 | F22: -0.0057 | G22: 0.0329
A23: Apr-12 | B23: 1.15 | C23: -0.63 | E23: Apr-12 | F23: 0.0115 | G23: -0.0063
A24: May-12 | B24: 0.96 | C24: -6.01 | E24: May-12 | F24: 0.0096 | G24: -0.0601
A25: 41061 | B25: 0.04 | C25: 4.12 | E25: 41061 | F25: 0.0004 | G25: 0.0412
A26: 41091 | B26: 1.39 | C26: 1.38 | E26: 41091 | F26: 0.0139 | G26: 0.0138
A27: Aug-12 | B27: 0.04 | C27: 2.25 | E27: Aug-12 | F27: 0.0004 | G27: 0.0225
A28: Sep-12 | B28: 0.12 | C28: 2.58 | E28: Sep-12 | F28: 0.0012 | G28: 0.0258
A29: Oct-12 | B29: 0.12 | C29: -1.85 | E29: Oct-12 | F29: 0.0012 | G29: -0.0185
A30: 41214 | B30: 0.2 | C30: 0.58 | E30: 41214 | F30: 0.002 | G30: 0.0058
A31: Dec-12 | B31: -0.19 | C31: 0.91 | E31: Dec-12 | F31: -0.0019 | G31: 0.0091
A32: 41275 | B32: -0.7 | C32: 5.18 | E32: 41275 | F32: -0.007 | G32: 0.0518
A33: Feb-13 | B33: 0.55 | C33: 1.35 | E33: Feb-13 | F33: 0.0055 | G33: 0.0135
A34: 41334 | B34: 0.09 | C34: 3.75 | E34: 41334 | F34: 0.0009 | G34: 0.0375
A35: Apr-13 | B35: 0.92 | C35: 1.92 | E35: Apr-13 | F35: 0.0092 | G35: 0.0192
A36: May-13 | B36: -1.7 | C36: 2.33 | E36: May-13 | F36: -0.017 | G36: 0.0233
A37: 41426 | B37: -1.64 | C37: -1.35 | E37: 41426 | F37: -0.0164 | G37: -0.0135
A38: 41456 | B38: 0.21 | C38: 5.09 | E38: 41456 | F38: 0.0021 | G38: 0.0509
A39: Aug-13 | B39: -0.63 | C39: -2.9 | E39: Aug-13 | F39: -0.0063 | G39: -0.029
A40: Sep-13 | B40: 0.97 | C40: 3.13 | E40: Sep-13 | F40: 0.0097 | G40: 0.0313
A41: Oct-13 | B41: 0.79 | C41: 4.59 | E41: Oct-13 | F41: 0.0079 | G41: 0.0459
A42: 41579 | B42: -0.34 | C42: 3.04 | E42: 41579 | F42: -0.0034 | G42: 0.0304
A43: Dec-13 | B43: -0.64 | C43: 2.53 | E43: Dec-13 | F43: -0.0064 | G43: 0.0253
A44: 41640 | B44: 1.55 | C44: -3.46 | E44: 41640 | F44: 0.0155 | G44: -0.0346
A45: Feb-14 | B45: 0.49 | C45: 4.57 | E45: Feb-14 | F45: 0.0049 | G45: 0.0457
A46: 41699 | B46: -0.14 | C46: 0.84 | E46: 41699 | F46: -0.0014 | G46: 0.0084
A47: Apr-14 | B47: 0.78 | C47: 0.74 | E47: Apr-14 | F47: 0.0078 | G47: 0.0074
A48: May-14 | B48: 1.06 | C48: 2.34 | E48: May-14 | F48: 0.0106 | G48: 0.0234
A49: 41791 | B49: 0.12 | C49: 2.06 | E49: 41791 | F49: 0.0012 | G49: 0.0206
A50: 41821 | B50: -0.25 | C50: -1.38 | E50: 41821 | F50: -0.0025 | G50: -0.0138
A51: Aug-14 | B51: 1.14 | C51: 4 | E51: Aug-14 | F51: 0.0114 | G51: 0.04
A52: Sep-14 | B52: -0.71 | C52: -1.4 | E52: Sep-14 | F52: -0.0071 | G52: -0.014
A53: Oct-14 | B53: 0.95 | C53: 2.43 | E53: Oct-14 | F53: 0.0095 | G53: 0.0243
A54: 41944 | B54: 0.66 | C54: 2.69 | E54: 41944 | F54: 0.0066 | G54: 0.0269
A55: Dec-14 | B55: 0.1 | C55: -0.26 | E55: Dec-14 | F55: 0.001 | G55: -0.0026 | N55: Column1 | Q55: Sharpe Ratio
A56: 42005 | B56: 2.32 | C56: -3 | E56: 42005 | F56: 0.0232 | G56: -0.03 | Q56: =(O57-0)/O61 -> 0.85252587
A57: Feb-15 | B57: -1.07 | C57: 5.74 | E57: Feb-15 | F57: -0.0107 | G57: 0.0574 | N57: Mean | O57: 0.0094518082
A58: 42064 | B58: 0.42 | C58: -1.59 | E58: 42064 | F58: 0.0042 | G58: -0.0159 | N58: Standard Error | O58: 0.0041904274
A59: Apr-15 | B59: -0.35 | C59: 0.95 | E59: Apr-15 | F59: -0.0035 | G59: 0.0095 | N59: Median | O59: 0.005891274
A60: May-15 | B60: -0.44 | C60: 1.28 | E60: May-15 | F60: -0.0044 | G60: 0.0128 | N60: Mode | O60: #N/A
A61: 42156 | B61: -1 | C61: -1.92 | E61: 42156 | F61: -0.01 | G61: -0.0192 | N61: Standard Deviation | O61: 0.011086829
A62: 42186 | B62: 0.77 | C62: 2.09 | E62: 42186 | F62: 0.0077 | G62: 0.0209 | N62: Sample Variance | O62: 0.00012291777
A63: Aug-15 | B63: -0.35 | C63: -6.04 | E63: Aug-15 | F63: -0.0035 | G63: -0.0604 | N63: Kurtosis | O63: 0.45091765
A64: Sep-15 | B64: 0.76 | C64: -2.48 | E64: Sep-15 | F64: 0.0076 | G64: -0.0248 | N64: Skewness | O64: 0.48511065
A65: Oct-15 | B65: 0.02 | C65: 8.43 | E65: Oct-15 | F65: 0.0002 | G65: 0.0843 | N65: Range | O65: 0.034456607
A66: 42309 | B66: -0.26 | C66: 0.3 | E66: 42309 | F66: -0.0026 | G66: 0.003 | N66: Minimum | O66: -0.006210772
A67: Dec-15 | B67: -0.37 | C67: -1.58 | E67: Dec-15 | F67: -0.0037 | G67: -0.0158 | N67: Maximum | O67: 0.028245835
A68: 42370 | B68: 1.44 | C68: -4.97 | E68: 42370 | F68: 0.0144 | G68: -0.0497 | I68: =SUMPRODUCT(F68:G68,$I$110:$J$110) -> -31053.86 | J68: =(($I$109*F68)+($J$109*G68)) -> -0.006210772 | N68: Sum | O68: 0.066162658
A69: Feb-16 | B69: 0.67 | C69: -0.14 | E69: Feb-16 | F69: 0.0067 | G69: -0.0014 | I69: =SUMPRODUCT(F69:G69,$I$110:$J$110) -> 20477.593 | J69: =(($I$109*F69)+($J$109*G69)) -> 0.0040955187 | N69: Count | O69: 7
A70: 42430 | B70: 0.95 | C70: 6.78 | E70: 42430 | F70: 0.0095 | G70: 0.0678 | I70: =SUMPRODUCT(F70:G70,$I$110:$J$110) -> 141229.17 | J70: =(($I$109*F70)+($J$109*G70)) -> 0.028245835 | N70: Confidence Level(95.0%) | O70: 0.010253606
A71: Apr-16 | B71: 0.39 | C71: 0.39 | E71: Apr-16 | F71: 0.0039 | G71: 0.0039 | I71: =SUMPRODUCT(F71:G71,$I$110:$J$110) -> 19500 | J71: =(($I$109*F71)+($J$109*G71)) -> 0.0039
A72: May-16 | B72: 0.02 | C72: 1.79 | E72: May-16 | F72: 0.0002 | G72: 0.0179 | I72: =SUMPRODUCT(F72:G72,$I$110:$J$110) -> 29456.37 | J72: =(($I$109*F72)+($J$109*G72)) -> 0.005891274
A73: 42522 | B73: 1.94 | C73: 0.26 | E73: 42522 | F73: 0.0194 | G73: 0.0026 | I73: =SUMPRODUCT(F73:G73,$I$110:$J$110) -> 69990.564 | J73: =(($I$109*F73)+($J$109*G73)) -> 0.013998113
A74: 42552 | B74: 0.65 | C74: 3.68 | E74: 42552 | F74: 0.0065 | G74: 0.0368 | I74: =SUMPRODUCT(F74:G74,$I$110:$J$110) -> 81213.447 | J74: =(($I$109*F74)+($J$109*G74)) -> 0.016242689
I75: Total
I76: =SUM(I68:I74)+I113 -> 5330813.3 | J76: =J74*I113 -> 81213.447
B77: VBTLX | C77: VFIAX | D77: Portfolio Return | E77: Port. Variance | F77: Port. Std. Deviation | G77: Sharpe Ratio | J77: =J76+I113 -> 5081213.4 | N77: VBTLX | Q77: Sharpe Ratio
B78: 0 | C78: 1 | D78: =(B78*$O$79)+(C78*$O$96) -> 0.012379167 | E78: =B78^2*$O$83^2+C78^2*$O$100^2+2*B78*C78*$Q$81*$O$83*$O$100 -> 0.00091563658 | F78: =SQRT(B78^2*$O$83^2+C78^2*$O$100^2+2*B78*C78*$Q$81*$O$83*$O$100) -> 0.030259487 | G78: =(D78-0)/F78 -> 0.40910034 | Q78: =(O79-0)/O83 -> 0.21021075
B79: 0.05 | C79: 0.95 | D79: =(B79*$O$79)+(C79*$O$96) -> 0.011845417 | E79: =B79^2*$O$83^2+C79^2*$O$100^2+2*B79*C79*$Q$81*$O$83*$O$100 -> 0.00082483581 | F79: =SQRT(B79^2*$O$83^2+C79^2*$O$100^2+2*B79*C79*$Q$81*$O$83*$O$100) -> 0.028719955 | G79: =(D79-0)/F79 -> 0.41244552 | N79: Mean | O79: 0.0017041667
B80: 0.1 | C80: 0.9 | D80: =(B80*$O$79)+(C80*$O$96) -> 0.011311667 | E80: =B80^2*$O$83^2+C80^2*$O$100^2+2*B80*C80*$Q$81*$O$83*$O$100 -> 0.00073911979 | F80: =SQRT(B80^2*$O$83^2+C80^2*$O$100^2+2*B80*C80*$Q$81*$O$83*$O$100) -> 0.027186758 | G80: =(D80-0)/F80 -> 0.41607266 | N80: Standard Error | O80: 0.0011701365 | Q80: Correlation
B81: 0.15 | C81: 0.85 | D81: =(B81*$O$79)+(C81*$O$96) -> 0.010777917 | E81: =B81^2*$O$83^2+C81^2*$O$100^2+2*B81*C81*$Q$81*$O$83*$O$100 -> 0.00065848851 | F81: =SQRT(B81^2*$O$83^2+C81^2*$O$100^2+2*B81*C81*$Q$81*$O$83*$O$100) -> 0.025661031 | G81: =(D81-0)/F81 -> 0.42001105 | N81: Median | O81: 0.0011 | Q81: =CORREL(F20:F67,G20:G67) -> -0.072539492
B82: 0.2 | C82: 0.8 | D82: =(B82*$O$79)+(C82*$O$96) -> 0.010244167 | E82: =B82^2*$O$83^2+C82^2*$O$100^2+2*B82*C82*$Q$81*$O$83*$O$100 -> 0.00058294197 | F82: =SQRT(B82^2*$O$83^2+C82^2*$O$100^2+2*B82*C82*$Q$81*$O$83*$O$100) -> 0.024144191 | G82: =(D82-0)/F82 -> 0.42429115 | N82: Mode | O82: 0.0012 | Q82: Covariance
B83: 0.25 | C83: 0.75 | D83: =(B83*$O$79)+(C83*$O$96) -> 0.0097104167 | E83: =B83^2*$O$83^2+C83^2*$O$100^2+2*B83*C83*$Q$81*$O$83*$O$100 -> 0.00051248018 | F83: =SQRT(B83^2*$O$83^2+C83^2*$O$100^2+2*B83*C83*$Q$81*$O$83*$O$100) -> 0.022638025 | G83: =(D83-0)/F83 -> 0.42894275 | N83: Standard Deviation | O83: 0.0081069437 | Q83: =_xlfn.COVARIANCE.S(F20:F67,G20:G67) -> -1.7794805e-05
B84: 0.3 | C84: 0.7 | D84: =(B84*$O$79)+(C84*$O$96) -> 0.0091766667 | E84: =B84^2*$O$83^2+C84^2*$O$100^2+2*B84*C84*$Q$81*$O$83*$O$100 -> 0.00044710313 | F84: =SQRT(B84^2*$O$83^2+C84^2*$O$100^2+2*B84*C84*$Q$81*$O$83*$O$100) -> 0.021144813 | G84: =(D84-0)/F84 -> 0.43399138 | N84: Sample Variance | O84: 6.5722535e-05
B85: 0.35 | C85: 0.65 | D85: =(B85*$O$79)+(C85*$O$96) -> 0.0086429167 | E85: =B85^2*$O$83^2+C85^2*$O$100^2+2*B85*C85*$Q$81*$O$83*$O$100 -> 0.00038681083 | F85: =SQRT(B85^2*$O$83^2+C85^2*$O$100^2+2*B85*C85*$Q$81*$O$83*$O$100) -> 0.019667507 | G85: =(D85-0)/F85 -> 0.43945156 | N85: Kurtosis | O85: 0.27176913
B86: 0.4 | C86: 0.6 | D86: =(B86*$O$79)+(C86*$O$96) -> 0.0081091667 | E86: =B86^2*$O$83^2+C86^2*$O$100^2+2*B86*C86*$Q$81*$O$83*$O$100 -> 0.00033160327 | F86: =SQRT(B86^2*$O$83^2+C86^2*$O$100^2+2*B86*C86*$Q$81*$O$83*$O$100) -> 0.018209977 | G86: =(D86-0)/F86 -> 0.44531449 | N86: Skewness | O86: 0.019049111
B87: 0.45 | C87: 0.55 | D87: =(B87*$O$79)+(C87*$O$96) -> 0.0075754167 | E87: =B87^2*$O$83^2+C87^2*$O$100^2+2*B87*C87*$Q$81*$O$83*$O$100 -> 0.00028148045 | F87: =SQRT(B87^2*$O$83^2+C87^2*$O$100^2+2*B87*C87*$Q$81*$O$83*$O$100) -> 0.016777379 | G87: =(D87-0)/F87 -> 0.45152563 | N87: Range | O87: 0.0402
B88: 0.5 | C88: 0.5 | D88: =(B88*$O$79)+(C88*$O$96) -> 0.0070416667 | E88: =B88^2*$O$83^2+C88^2*$O$100^2+2*B88*C88*$Q$81*$O$83*$O$100 -> 0.00023644238 | F88: =SQRT(B88^2*$O$83^2+C88^2*$O$100^2+2*B88*C88*$Q$81*$O$83*$O$100) -> 0.015376683 | G88: =(D88-0)/F88 -> 0.45794446 | N88: Minimum | O88: -0.017
B89: 0.55 | C89: 0.45 | D89: =(B89*$O$79)+(C89*$O$96) -> 0.0065079167 | E89: =B89^2*$O$83^2+C89^2*$O$100^2+2*B89*C89*$Q$81*$O$83*$O$100 -> 0.00019648905 | F89: =SQRT(B89^2*$O$83^2+C89^2*$O$100^2+2*B89*C89*$Q$81*$O$83*$O$100) -> 0.014017455 | G89: =(D89-0)/F89 -> 0.46427234 | N89: Maximum | O89: 0.0232
B90: 0.6 | C90: 0.4 | D90: =(B90*$O$79)+(C90*$O$96) -> 0.0059741667 | E90: =B90^2*$O$83^2+C90^2*$O$100^2+2*B90*C90*$Q$81*$O$83*$O$100 -> 0.00016162046 | F90: =SQRT(B90^2*$O$83^2+C90^2*$O$100^2+2*B90*C90*$Q$81*$O$83*$O$100) -> 0.012713004 | G90: =(D90-0)/F90 -> 0.46992567 | N90: Sum | O90: 0.0818
B91: 0.65 | C91: 0.35 | D91: =(B91*$O$79)+(C91*$O$96) -> 0.0054404167 | E91: =B91^2*$O$83^2+C91^2*$O$100^2+2*B91*C91*$Q$81*$O$83*$O$100 -> 0.00013183662 | F91: =SQRT(B91^2*$O$83^2+C91^2*$O$100^2+2*B91*C91*$Q$81*$O$83*$O$100) -> 0.011482013 | G91: =(D91-0)/F91 -> 0.47382082 | N91: Count | O91: 48
B92: 0.7 | C92: 0.3 | D92: =(B92*$O$79)+(C92*$O$96) -> 0.0049066667 | E92: =B92^2*$O$83^2+C92^2*$O$100^2+2*B92*C92*$Q$81*$O$83*$O$100 -> 0.00010713752 | F92: =SQRT(B92^2*$O$83^2+C92^2*$O$100^2+2*B92*C92*$Q$81*$O$83*$O$100) -> 0.010350725 | G92: =(D92-0)/F92 -> 0.47404085 | N92: Confidence Level(95.0%) | O92: 0.0023540111
B93: 0.75 | C93: 0.25 | D93: =(B93*$O$79)+(C93*$O$96) -> 0.0043729167 | E93: =B93^2*$O$83^2+C93^2*$O$100^2+2*B93*C93*$Q$81*$O$83*$O$100 -> 8.752316e-05 | F93: =SQRT(B93^2*$O$83^2+C93^2*$O$100^2+2*B93*C93*$Q$81*$O$83*$O$100) -> 0.0093553814 | G93: =(D93-0)/F93 -> 0.4674226
B94: 0.8 | C94: 0.2 | D94: =(B94*$O$79)+(C94*$O$96) -> 0.0038391667 | E94: =B94^2*$O$83^2+C94^2*$O$100^2+2*B94*C94*$Q$81*$O$83*$O$100 -> 7.2993548e-05 | F94: =SQRT(B94^2*$O$83^2+C94^2*$O$100^2+2*B94*C94*$Q$81*$O$83*$O$100) -> 0.0085436262 | G94: =(D94-0)/F94 -> 0.44936033 | N94: VFIAX | Q94: Sharpe Ratio
B95: 0.85 | C95: 0.15 | D95: =(B95*$O$79)+(C95*$O$96) -> 0.0033054167 | E95: =B95^2*$O$83^2+C95^2*$O$100^2+2*B95*C95*$Q$81*$O$83*$O$100 -> 6.354868e-05 | F95: =SQRT(B95^2*$O$83^2+C95^2*$O$100^2+2*B95*C95*$Q$81*$O$83*$O$100) -> 0.0079717426 | G95: =(D95-0)/F95 -> 0.41464167 | Q95: =(O96-0)/O100 -> 0.40910034
B96: 0.9 | C96: 0.1 | D96: =(B96*$O$79)+(C96*$O$96) -> 0.0027716667 | E96: =B96^2*$O$83^2+C96^2*$O$100^2+2*B96*C96*$Q$81*$O$83*$O$100 -> 5.9188555e-05 | F96: =SQRT(B96^2*$O$83^2+C96^2*$O$100^2+2*B96*C96*$Q$81*$O$83*$O$100) -> 0.0076934098 | G96: =(D96-0)/F96 -> 0.36026505 | N96: Mean | O96: 0.012379167
B97: 0.95 | C97: 0.05 | D97: =(B97*$O$79)+(C97*$O$96) -> 0.0022379167 | E97: =B97^2*$O$83^2+C97^2*$O$100^2+2*B97*C97*$Q$81*$O$83*$O$100 -> 5.9913173e-05 | F97: =SQRT(B97^2*$O$83^2+C97^2*$O$100^2+2*B97*C97*$Q$81*$O$83*$O$100) -> 0.00774036 | G97: =(D97-0)/F97 -> 0.28912307 | N97: Standard Error | O97: 0.0043675808
B98: 1 | C98: 0 | D98: =(B98*$O$79)+(C98*$O$96) -> 0.0017041667 | E98: =B98^2*$O$83^2+C98^2*$O$100^2+2*B98*C98*$Q$81*$O$83*$O$100 -> 6.5722535e-05 | F98: =SQRT(B98^2*$O$83^2+C98^2*$O$100^2+2*B98*C98*$Q$81*$O$83*$O$100) -> 0.0081069437 | G98: =(D98-0)/F98 -> 0.21021075 | N98: Median | O98: 0.0165
N99: Mode | O99: #N/A
N100: Standard Deviation | O100: 0.030259487
N101: Sample Variance | O101: 0.00091563658
...

Sheet MSFT_WFC_Port
G1: WFC | H1: MSFT | I1: Portfolio Return | J1: Port. Variance | K1: Port. Std. Deviation | L1: Sharpe Ratio
G2: 0 | H2: 1 | I2: =(G2*$B$5)+(H2*$E$5) -> 0.00074693549 | J2: =G2^2*$B$7^2+H2^2*$E$7^2+2*G2*H2*$C$7*$B$7*$E$7 -> 0.00021957065 | K2: =SQRT(G2^2*$B$7^2+H2^2*$E$7^2+2*G2*H2*$C$7*$B$7*$E$7) -> 0.014817916 | L2: =(I2-0)/K2 -> 0.050407592
A3: WFC | B3: (A) | D3: MSFT | E3: (B) | G3: 0.05 | H3: 0.95 | I3: =(G3*$B$5)+(H3*$E$5) -> 0.00074086609 | J3: =G3^2*$B$7^2+H3^2*$E$7^2+2*G3*H3*$C$7*$B$7*$E$7 -> 0.0002095946 | K3: =SQRT(G3^2*$B$7^2+H3^2*$E$7^2+2*G3*H3*$C$7*$B$7*$E$7) -> 0.014477382 | L3: =(I3-0)/K3 -> 0.051174037 | Q3: Tangent Portfolio Plot
C4: Expected Product of RA and RB: | G4: 0.1 | H4: 0.9 | I4: =(G4*$B$5)+(H4*$E$5) -> 0.0007347967 | J4: =G4^2*$B$7^2+H4^2*$E$7^2+2*G4*H4*$C$7*$B$7*$E$7 -> 0.00020080143 | K4: =SQRT(G4^2*$B$7^2+H4^2*$E$7^2+2*G4*H4*$C$7*$B$7*$E$7) -> 0.014170442 | L4: =(I4-0)/K4 -> 0.051854182
A5: Expected R: | B5: =WFC!O8 -> 0.00062554756 | C5: =AVERAGE(C12:C1522) -> 0.00011436301 | D5: Expected R: | E5: =MSFT!O8 -> 0.00074693549 | G5: 0.15 | H5: 0.85 | I5: =(G5*$B$5)+(H5*$E$5) -> 0.0007287273 | J5: =G5^2*$B$7^2+H5^2*$E$7^2+2*G5*H5*$C$7*$B$7*$E$7 -> 0.00019319115 | K5: =SQRT(G5^2*$B$7^2+H5^2*$E$7^2+2*G5*H5*$C$7*$B$7*$E$7) -> 0.013899322 | L5: =(I5-0)/K5 -> 0.052428981 | P5: Risk-Free Rate: | Q5: 0
A6: Variance R: | B6: =WFC!O13 -> 0.00024479745 | C6: Correlation between RA and RB: | D6: Variance R: | E6: =MSFT!O13 -> 0.00021957065 | G6: 0.2 | H6: 0.8 | I6: =(G6*$B$5)+(H6*$E$5) -> 0.0007226579 | J6: =G6^2*$B$7^2+H6^2*$E$7^2+2*G6*H6*$C$7*$B$7*$E$7 -> 0.00018676376 | K6: =SQRT(G6^2*$B$7^2+H6^2*$E$7^2+2*G6*H6*$C$7*$B$7*$E$7) -> 0.013666154 | L6: =(I6-0)/K6 -> 0.052879392
A7: Std. Dev. R. | B7: =WFC!O12 -> 0.015646004 | C7: =(C5-B5*E5)/(B7*E7) -> 0.49126632 | D7: Std. Dev. R. | E7: =MSFT!O12 -> 0.014817916 | G7: 0.25 | H7: 0.75 | I7: =(G7*$B$5)+(H7*$E$5) -> 0.00071658851 | J7: =G7^2*$B$7^2+H7^2*$E$7^2+2*G7*H7*$C$7*$B$7*$E$7 -> 0.00018151924 | K7: =SQRT(G7^2*$B$7^2+H7^2*$E$7^2+2*G7*H7*$C$7*$B$7*$E$7) -> 0.013472908 | L7: =(I7-0)/K7 -> 0.053187369 | P7: Expected Returns: | Q7: =Q9*Q8 -> 0.00070821168 | R7: =Q9*R8 -> 0.00079052922
G8: 0.3 | H8: 0.7 | I8: =(G8*$B$5)+(H8*$E$5) -> 0.00071051911 | J8: =G8^2*$B$7^2+H8^2*$E$7^2+2*G8*H8*$C$7*$B$7*$E$7 -> 0.00017745761 | K8: =SQRT(G8^2*$B$7^2+H8^2*$E$7^2+2*G8*H8*$C$7*$B$7*$E$7) -> 0.013321322 | L8: =(I8-0)/K8 -> 0.053336984 | P8: Standard deviations: | Q8: 0.013274932 | R8: 0.014817916
G9: 0.35 | H9: 0.65 | I9: =(G9*$B$5)+(H9*$E$5) -> 0.00070444971 | J9: =G9^2*$B$7^2+H9^2*$E$7^2+2*G9*H9*$C$7*$B$7*$E$7 -> 0.00017457886 | K9: =SQRT(G9^2*$B$7^2+H9^2*$E$7^2+2*G9*H9*$C$7*$B$7*$E$7) -> 0.013212829 | L9: =(I9-0)/K9 -> 0.053315584 | P9: Sharpe Ratio: | Q9: 0.053349553
A10: Return Adj. Close | B10: Squared Deviation | C10: Product of WFC and MSFT | D10: Return Adj. Close | E10: Squared Deviation | G10: 0.4 | H10: 0.6 | I10: =(G10*$B$5)+(H10*$E$5) -> 0.00069838032 | J10: =G10^2*$B$7^2+H10^2*$E$7^2+2*G10*H10*$C$7*$B$7*$E$7 -> 0.00017288299 | K10: =SQRT(G10^2*$B$7^2+H10^2*$E$7^2+2*G10*H10*$C$7*$B$7*$E$7) -> 0.013148498 | L10: =(I10-0)/K10 -> 0.053114837
G11: 0.45 | H11: 0.55 | I11: =(G11*$B$5)+(H11*$E$5) -> 0.00069231092 | J11: =G11^2*$B$7^2+H11^2*$E$7^2+2*G11*H11*$C$7*$B$7*$E$7 -> 0.00017237001 | K11: =SQRT(G11^2*$B$7^2+H11^2*$E$7^2+2*G11*H11*$C$7*$B$7*$E$7) -> 0.013128976 | L11: =(I11-0)/K11 -> 0.052731525
A12: -0.016406292 | B12: 0.00029008355 | C12: =A12*D12 -> -0.00010695071 | D12: 0.0065188837 | E12: 3.3315387e-05 | G12: 0.5 | H12: 0.5 | I12: =(G12*$B$5)+(H12*$E$5) -> 0.00068624152 | J12: =G12^2*$B$7^2+H12^2*$E$7^2+2*G12*H12*$C$7*$B$7*$E$7 -> 0.00017303991 | K12: =SQRT(G12^2*$B$7^2+H12^2*$E$7^2+2*G12*H12*$C$7*$B$7*$E$7) -> 0.013154463 | L12: =(I12-0)/K12 -> 0.05216796
A13: -0.011914262 | B13: 0.00015724681 | C13: =A13*D13 -> -5.6588143e-05 | D13: 0.004749614 | E13: 1.6021435e-05 | G13: 0.55 | H13: 0.45 | I13: =(G13*$B$5)+(H13*$E$5) -> 0.00068017213 | J13: =G13^2*$B$7^2+H13^2*$E$7^2+2*G13*H13*$C$7*$B$7*$E$7 -> 0.00017489269 | K13: =SQRT(G13^2*$B$7^2+H13^2*$E$7^2+2*G13*H13*$C$7*$B$7*$E$7) -> 0.0132247 | L13: =(I13-0)/K13 -> 0.051431952
A14: 0.010852135 | B14: 0.00010458309 | C14: =A14*D14 -> 0.00025649625 | D14: 0.023635556 | E14: 0.00052388894 | G14: 0.6 | H14: 0.4 | I14: =(G14*$B$5)+(H14*$E$5) -> 0.00067410273 | J14: =G14^2*$B$7^2+H14^2*$E$7^2+2*G14*H14*$C$7*$B$7*$E$7 -> 0.00017792835 | K14: =SQRT(G14^2*$B$7^2+H14^2*$E$7^2+2*G14*H14*$C$7*$B$7*$E$7) -> 0.013338979 | L14: =(I14-0)/K14 -> 0.050536308
A15: 0.060039782 | B15: 0.0035300513 | C15: =A15*D15 -> 0.0012098675 | D15: 0.020151098 | E15: 0.00037652152 | G15: 0.65 | H15: 0.35 | I15: =(G15*$B$5)+(H15*$E$5) -> 0.00066803333 | J15: =G15^2*$B$7^2+H15^2*$E$7^2+2*G15*H15*$C$7*$B$7*$E$7 -> 0.0001821469 | K15: =SQRT(G15^2*$B$7^2+H15^2*$E$7^2+2*G15*H15*$C$7*$B$7*$E$7) -> 0.013496181 | L15: =(I15-0)/K15 -> 0.049497953
A16: -0.00075024525 | B16: 1.8928059e-06 | C16: =A16*D16 -> -3.3962047e-06 | D16: 0.0045267926 | E16: 1.428732e-05 | G16: 0.7 | H16: 0.3 | I16: =(G16*$B$5)+(H16*$E$5) -> 0.00066196394 | J16: =G16^2*$B$7^2+H16^2*$E$7^2+2*G16*H16*$C$7*$B$7*$E$7 -> 0.00018754833 | K16: =SQRT(G16^2*$B$7^2+H16^2*$E$7^2+2*G16*H16*$C$7*$B$7*$E$7) -> 0.013694829 | L16: =(I16-0)/K16 -> 0.048336781
A17: 0.013513555 | B17: 0.00016610074 | C17: =A17*D17 -> -7.7504646e-05 | D17: -0.0057353261 | E17: 4.2019716e-05 | G17: 0.75 | H17: 0.25 | I17: =(G17*$B$5)+(H17*$E$5) -> 0.00065589454 | J17: =G17^2*$B$7^2+H17^2*$E$7^2+2*G17*H17*$C$7*$B$7*$E$7 -> 0.00019413264 | K17: =SQRT(G17^2*$B$7^2+H17^2*$E$7^2+2*G17*H17*$C$7*$B$7*$E$7) -> 0.013933149 | L17: =(I17-0)/K17 -> 0.047074393
A18: 0.0022222218 | B18: 2.5493688e-06 | C18: =A18*D18 -> 5.1274853e-05 | D18: 0.023073688 | E18: 0.00049848387 | G18: 0.8 | H18: 0.2 | I18: =(G18*$B$5)+(H18*$E$5) -> 0.00064982514 | J18: =G18^2*$B$7^2+H18^2*$E$7^2+2*G18*H18*$C$7*$B$7*$E$7 -> 0.00020189984 | K18: =SQRT(G18^2*$B$7^2+H18^2*$E$7^2+2*G18*H18*$C$7*$B$7*$E$7) -> 0.014209146 | L18: =(I18-0)/K18 -> 0.045732877
A19: 0.032520348 | B19: 0.0010172783 | C19: =A19*D19 -> 0.00039291629 | D19: 0.012082167 | E19: 0.00012848748 | G19: 0.85 | H19: 0.15 | I19: =(G19*$B$5)+(H19*$E$5) -> 0.00064375575 | J19: =G19^2*$B$7^2+H19^2*$E$7^2+2*G19*H19*$C$7*$B$7*$E$7 -> 0.00021084992 | K19: =SQRT(G19^2*$B$7^2+H19^2*$E$7^2+2*G19*H19*$C$7*$B$7*$E$7) -> 0.014520672 | L19: =(I19-0)/K19 -> 0.044333743
A20: -0.0100215 | B20: 0.00011335963 | C20: =A20*D20 -> -0.00012362393 | D20: 0.01233587 | E20: 0.00013430341 | G20: 0.9 | H20: 0.1 | I20: =(G20*$B$5)+(H20*$E$5) -> 0.00063768635 | J20: =G20^2*$B$7^2+H20^2*$E$7^2+2*G20*H20*$C$7*$B$7*$E$7 -> 0.00022098288 | K20: =SQRT(G20^2*$B$7^2+H20^2*$E$7^2+2*G20*H20*$C$7*$B$7*$E$7) -> 0.014865493 | L20: =(I20-0)/K20 -> 0.042897088
A21: 0.0054229926 | B21: 2.3015479e-05 | C21: =A21*D21 -> 1.4921809e-05 | D21: 0.002751582 | E21: 4.0186074e-06 | G21: 0.95 | H21: 0.05 | I21: =(G21*$B$5)+(H21*$E$5) -> 0.00063161695 | J21: =G21^2*$B$7^2+H21^2*$E$7^2+2*G21*H21*$C$7*$B$7*$E$7 -> 0.00023229872 | K21: =SQRT(G21^2*$B$7^2+H21^2*$E$7^2+2*G21*H21*$C$7*$B$7*$E$7) -> 0.015241349 | L21: =(I21-0)/K21 -> 0.041441013
A22: -0.056454531 | B22: 0.0032581354 | C22: =A22*D22 -> 0.0013720837 | D22: -0.024304226 | E22: 0.00062756071 | G22: 1 | H22: 0 | I22: =(G22*$B$5)+(H22*$E$5) -> 0.00062554756 | J22: =G22^2*$B$7^2+H22^2*$E$7^2+2*G22*H22*$C$7*$B$7*$E$7 -> 0.00024479745 | K22: =SQRT(G22^2*$B$7^2+H22^2*$E$7^2+2*G22*H22*$C$7*$B$7*$E$7) -> 0.015646004 | L22: =(I22-0)/K22 -> 0.039981298
A23: -0.0083840863 | B23: 8.1173503e-05 | C23: =A23*D23 -> -0.00011452745 | D23: 0.013660098 | E23: 0.00016674978 | Q23: Expected WFC | R23: Expected MSFT
A24: -0.0042275757 | B24: 2.3552805e-05 | C24: =A24*D24 -> -4.1890429e-05 | D24: 0.0099088536 | E24: 8.3940744e-05 | O24: Expected Portfolio Return: | P24: =((O30*$B$5)+(P30*$E$5)) -> 0.00070821168 | Q24: =O30*$B$5 -> 0.00019955515 | R24: =P30*$E$5 -> 0.00050865654
A25: 0.0057892697 | B25: 2.6664026e-05 | C25: =A25*D25 -> -8.179481e-05 | D25: -0.014128692 | E25: 0.0002212843 | O25: Variance of Port. Return: | P25: =O30^2*$B$7^2+P30^2*$E$7^2+2*O30*P30*$C$7*$B$7*$E$7 -> 0.00017622381
A26: 0.051036093 | B26: 0.0025412231 | C26: =A26*D26 -> 0.0014628165 | D26: 0.028662393 | E26: 0.00077927275 | O26: Std. Dev. Of Port. Return: | P26: =SQRT(O30^2*$B$7^2+P30^2*$E$7^2+2*O30*P30*$C$7*$B$7*$E$7) -> 0.013274932
A27: 0.0010952901 | B27: 2.2065803e-07 | C27: =A27*D27 -> -1.2716474e-06 | D27: -0.0011610143 | E27: 3.6402724e-06
A28: 0.017870151 | B28: 0.00029737634 | C28: =A28*D28 -> 0.00020078903 | D28: 0.011236001 | E28: 0.0001100205
A29: 0.017198134 | B29: 0.00027465063 | C29: =A29*D29 -> 3.9535192e-05 | D29: 0.002298807 | E29: 2.4083052e-06 | O29: Weight WFC | P29: Weight MSFT
A30: -0.011271546 | B30: 0.00014154083 | C30: =A30*D30 -> 9.0481895e-05 | D30: -0.0080274612 | E30: 7.6990037e-05 | O30: 0.31900875 | P30: 0.68099126
A31: -0.013537555 | B31: 0.00020059347 | C31: =A31*D31 -> -4.1733891e-05 | D31: 0.0030828234 | E31: 5.4563724e-06
A32: 0.0014445088 | B32: 6.7069756e-07 | C32: =A32*D32 -> -1.2208732e-05 | D32: -0.0084518224 | E32: 8.4617146e-05 | O32: Total Investment
A33: 0.030292098 | B33: 0.0008801042 | C33: =A33*D33 -> 0.00061030322 | D33: 0.020147275 | E33: 0.00037637316 | O33: =SUM(O30:P30) -> 1 | P33: = | Q33: 1
A34: -0.015750745 | B34: 0.00026818295 | C34: =A34*D34 -> 0.00010169555 | D34: -0.0064565551 | E34: 5.1890277e-05
A35: -0.0049875606 | B35: 3.1506983e-05 | C35: =A35*D35 -> 8.1981946e-05 | D35: -0.016437283 | E35: 0.00029529737 | O35: Sharpe Ratio
A36: -0.0017902447 | B36: 5.8360521e-06 | C36: =A36*D36 -> 2.5048054e-05 | D36: -0.013991414 | E36: 0.00021721893 | O36: =(P24-0)/P26 -> 0.053349553
A37: -0.004662777 | B37: 2.7966376e-05 | C37: =A37*D37 -> -3.3081964e-05 | D37: 0.0070949059 | E37: 4.0296729e-05
A38: 0.017297287 | B38: 0.00027794689 | C38: =A38*D38 -> 4.0621476e-05 | D38: 0.0023484305 | E38: 2.5647863e-06
A39: -0.01629469 | B39: 0.00028629444 | C39: =A39*D39 -> 0.00034358288 | D39: -0.021085573 | E39: 0.00047665843
A40: -0.052934864 | B40: 0.0028687177 | C40: =A40*D40 -> 0.00044341038 | D40: -0.0083765282 | E40: 8.3237589e-05
A41: -0.011406843 | B41: 0.00014477842 | C41: =A41*D41 -> 0.00016977221 | D41: -0.014883365 | E41: 0.00024430629
A42: -0.0061538129 | B42: 4.5959729e-05 | C42: =A42*D42 -> 2.2614942e-05 | D42: -0.003674948 | E42: 1.9553053e-05
A43: -0.0061919615 | B43: 4.647843e-05 | C43: =A43*D43 -> -2.5376809e-05 | D43: 0.0040983474 | E43: 1.1231962e-05
A44: -0.013239877 | B44: 0.00019224999 | C44: =A44*D44 -> -0.00018471689 | D44: 0.013951557 | E44: 0.00017436202
A45: 0.0015784892 | B45: 9.0809786e-07 | C45: =A45*D45 -> 7.0269057e-06 | D45: 0.0044516652 | E45: 1.3725022e-05
A46: -0.037431015 | B46: 0.0014483019 | C46: =A46*D46 -> 0.00057307757 | D46: -0.015310233 | E46: 0.00025783267
A47: 0.0069586818 | B47: 4.0108589e-05 | C47: =A47*D47 -> -5.9792352e-05 | D47: -0.0085924825 | E47: 8.7224729e-05
A48: -0.015040689 | B48: 0.00024543097 | C48: =A48*D48 -> -3.1037576e-05 | D48: 0.0020635741 | E48: 1.7335372e-06
... A1522: 0.0076644878 | B1522: 4.954668e-05 | C1522: =A1522*D1522 -> 9.554025e-05 | D1522: 0.012465314 | E1522: 0.0001373204

Sheet 10_Stock_Port
F2: Correlation Table | T2: Expected Individual
A3: Assets | B3: AAPL | C3: BIDU | D3: COP | E3: DIS | F3: GOOG | G3: TSLA | H3: TTM | I3: XOM | J3: MSFT | K3: WFC | P3: AAPL | Q3: BIDU | R3: COP | S3: DIS | T3: GOOG | U3: TSLA | V3: TTM | W3: XOM | X3: MSFT | Y3: WFC
A4: AAPL | B4: =CORREL(AAPL!$J$4:$J$1514,AAPL!$J$4:$J$1514) -> 1 | C4: =CORREL(AAPL!$J$4:$J$1514,BIDU!$J$4:$J$1514) -> 0.34059191 | D4: =CORREL(AAPL!$J$4:$J$1514,COP!$J$4:$J$1514) -> 0.31225933 | E4: =CORREL(AAPL!$J$4:$J$1514,DIS!$J$4:$J$1514) -> 0.35219374 | F4: =CORREL(AAPL!$J$4:$J$1514,GOOG!$J$4:$J$1514) -> 0.39138217 | G4: =CORREL(AAPL!$J$4:$J$1514,TSLA!$J$4:$J$1514) -> 0.2192821 | H4: =CORREL(AAPL!$J$4:$J$1514,TTM!$J$4:$J$1514) -> 0.30801675 | I4: =CORREL(AAPL!$J$4:$J$1514,XOM!$J$4:$J$1514) -> 0.34238405 | J4: =CORREL(AAPL!$J$4:$J$1514,MSFT!$J$4:$J$1514) -> 0.372886 | K4: =CORREL(WFC!$J$4:$J$1514,AAPL!$J$4:$J$1514) -> 0.38541828 | M4: Expected Portfolio Return: | N4: =((P10*B31)+(Q10*C31)+(R10*D31)+(S10*E31)+(T10*F31)+(U10*G31)+(V10*H31)+(W10*I31)+(X10*J31)+(Y10*K31)) -> 0.0010586116 | P4: =P10*B31 -> 0.00014334255 | Q4: =Q10*C31 -> 0 | R4: =R10*D31 -> 0 | S4: =S10*E31 -> 0.00034824592 | T4: =T10*F31 -> 0.00015344317 | U4: =U10*G31 -> 0.00033950455 | V4: =V10*H31 -> 0 | W4: =W10*I31 -> 0 | ... Y4: =Y10*K31 -> 0
A5: BIDU | B5: =CORREL(AAPL!$J$4:$J$1514,BIDU!$J$4:$J$1514) -> 0.34059191 | C5: =CORREL(BIDU!$J$4:$J$1514,BIDU!$J$4:$J$1514) -> 1 | D5: =CORREL(BIDU!$J$4:$J$1514,COP!$J$4:$J$1514) -> 0.3250151 | E5: =CORREL(BIDU!$J$4:$J$1514,DIS!$J$4:$J$1514) -> 0.38201275 | F5: =CORREL(BIDU!$J$4:$J$1514,GOOG!$J$4:$J$1514) -> 0.42843031 | G5: =CORREL(BIDU!$J$4:$J$1514,TSLA!$J$4:$J$1514) -> 0.25009529 | H5: =CORREL(BIDU!$J$4:$J$1514,TTM!$J$4:$J$1514) -> 0.35752369 | I5: =CORREL(BIDU!$J$4:$J$1514,XOM!$J$4:$J$1514) -> 0.32846344 | J5: =CORREL(BIDU!$J$4:$J$1514,MSFT!$J$4:$J$1514) -> 0.34159745 | K5: =CORREL(WFC!$J$4:$J$1514,BIDU!$J$4:$J$1514) -> 0.39688038 | M5: Variance of Port. Return: | N5: {=MMULT(MMULT(TRANSPOSE(P10:P19), B18:K27),P10:P19)} -> 0.00015822111
A6: COP | B6: =CORREL(AAPL!$J$4:$J$1514,COP!$J$4:$J$1514) -> 0.31225933 | C6: =CORREL(BIDU!$J$4:$J$1514,COP!$J$4:$J$1514) -> 0.3250151 | D6: =CORREL(COP!$J$4:$J$1514,COP!$J$4:$J$1514) -> 1 | E6: =CORREL(COP!$J$4:$J$1514,DIS!$J$4:$J$1514) -> 0.44164943 | F6: =CORREL(COP!$J$4:$J$1514,GOOG!$J$4:$J$1514) -> 0.32336098 | G6: =CORREL(COP!$J$4:$J$1514,TSLA!$J$4:$J$1514) -> 0.24470081 | H6: =CORREL(COP!$J$4:$J$1514,TTM!$J$4:$J$1514) -> 0.37625757 | I6: =CORREL(COP!$J$4:$J$1514,XOM!$J$4:$J$1514) -> 0.71384857 | J6: =CORREL(COP!$J$4:$J$1514,MSFT!$J$4:$J$1514) -> 0.38605774 | K6: =CORREL(WFC!$J$4:$J$1514,COP!$J$4:$J$1514) -> 0.50261224 | M6: Std. Dev. Of Port. Return: | N6: =SQRT(N5) -> 0.012578597
A7: DIS | B7: =CORREL(AAPL!$J$4:$J$1514,DIS!$J$4:$J$1514) -> 0.35219374 | C7: =CORREL(BIDU!$J$4:$J$1514,DIS!$J$4:$J$1514) -> 0.38201275 | D7: =CORREL(COP!$J$4:$J$1514,DIS!$J$4:$J$1514) -> 0.44164943 | E7: =CORREL(DIS!$J$4:$J$1514,DIS!$J$4:$J$1514) -> 1 | F7: =CORREL(DIS!$J$4:$J$1514,GOOG!$J$4:$J$1514) -> 0.41792868 | G7: =CORREL(DIS!$J$4:$J$1514,TSLA!$J$4:$J$1514) -> 0.28015546 | H7: =CORREL(DIS!$J$4:$J$1514,TTM!$J$4:$J$1514) -> 0.40903119 | I7: =CORREL(DIS!$J$4:$J$1514,XOM!$J$4:$J$1514) -> 0.53572779 | J7: =CORREL(DIS!$J$4:$J$1514,MSFT!$J$4:$J$1514) -> 0.45984151 | K7: =CORREL(WFC!$J$4:$J$1514,DIS!$J$4:$J$1514) -> 0.61159054
A8: GOOG | B8: =CORREL(AAPL!$J$4:$J$1514,GOOG!$J$4:$J$1514) -> 0.39138217 | C8: =CORREL(BIDU!$J$4:$J$1514,GOOG!$J$4:$J$1514) -> 0.42843031 | D8: =CORREL(COP!$J$4:$J$1514,GOOG!$J$4:$J$1514) -> 0.32336098 | E8: =CORREL(DIS!$J$4:$J$1514,GOOG!$J$4:$J$1514) -> 0.41792868 | F8: =CORREL(GOOG!$J$4:$J$1514,GOOG!$J$4:$J$1514) -> 1 | G8: =CORREL(GOOG!$J$4:$J$1514,TSLA!$J$4:$J$1514) -> 0.24628095 | H8: =CORREL(GOOG!$J$4:$J$1514,TTM!$J$4:$J$1514) -> 0.29939438 | I8: =CORREL(GOOG!$J$4:$J$1514,XOM!$J$4:$J$1514) -> 0.3900213 | J8: =CORREL(GOOG!$J$4:$J$1514,MSFT!$J$4:$J$1514) -> 0.45493459 | K8: =CORREL(WFC!$J$4:$J$1514,GOOG!$J$4:$J$1514) -> 0.43170725 | M8: Total Investment | T8: Weights
A9: TSLA | B9: =CORREL(AAPL!$J$4:$J$1514,TSLA!$J$4:$J$1514) -> 0.2192821 | C9: =CORREL(BIDU!$J$4:$J$1514,TSLA!$J$4:$J$1514) -> 0.25009529 | D9: =CORREL(COP!$J$4:$J$1514,TSLA!$J$4:$J$1514) -> 0.24470081 | E9: =CORREL(DIS!$J$4:$J$1514,TSLA!$J$4:$J$1514) -> 0.28015546 | F9: =CORREL(GOOG!$J$4:$J$1514,TSLA!$J$4:$J$1514) -> 0.24628095 | G9: =CORREL(TSLA!$J$4:$J$1514,TSLA!$J$4:$J$1514) -> 1 | H9: =CORREL(TSLA!$J$4:$J$1514,TTM!$J$4:$J$1514) -> 0.26224132 | I9: =CORREL(TSLA!$J$4:$J$1514,XOM!$J$4:$J$1514) -> 0.23793303 | J9: =CORREL(TSLA!$J$4:$J$1514,MSFT!$J$4:$J$1514) -> 0.22541166 | K9: =CORREL(WFC!$J$4:$J$1514,TSLA!$J$4:$J$1514) -> 0.25599649 | M9: =SUM(P10:Y10) -> 1 | O9: Assets | P9: AAPL | Q9: BIDU | R9: COP | S9: DIS | T9: GOOG | U9: TSLA | V9: TTM | W9: XOM | X9: MSFT | Y9: WFC
A10: TTM | B10: =CORREL(AAPL!$J$4:$J$1514,TTM!$J$4:$J$1514) -> 0.30801675 | C10: =CORREL(BIDU!$J$4:$J$1514,TTM!$J$4:$J$1514) -> 0.35752369 | D10: =CORREL(COP!$J$4:$J$1514,TTM!$J$4:$J$1514) -> 0.37625757 | E10: =CORREL(DIS!$J$4:$J$1514,TTM!$J$4:$J$1514) -> 0.40903119 | F10: =CORREL(GOOG!$J$4:$J$1514,TTM!$J$4:$J$1514) -> 0.29939438 | G10: =CORREL(TSLA!$J$4:$J$1514,TTM!$J$4:$J$1514) -> 0.26224132 | H10: =CORREL(TTM!$J$4:$J$1514,TTM!$J$4:$J$1514) -> 1 | I10: =CORREL(TTM!$J$4:$J$1514,XOM!$J$4:$J$1514) -> 0.39936788 | J10: =CORREL(TTM!$J$4:$J$1514,MSFT!$J$4:$J$1514) -> 0.36391912 | K10: =CORREL(WFC!$J$4:$J$1514,TTM!$J$4:$J$1514) -> 0.44517293 | M10: = | O10: AAPL | P10: 0.17078945 | Q10: =P11 -> 0 | R10: =P12 -> 0 | S10: =P13 -> 0.38792701 | T10: =P14 -> 0.17471439 | U10: =P15 -> 0.16739666 | V10: =P16 -> 0 | W10: =P17 -> 0 | X10: =P18 -> 0.099172501 | Y10: =P19 -> 0
A11: XOM | B11: =CORREL(AAPL!$J$4:$J$1514,XOM!$J$4:$J$1514) -> 0.34238405 | C11: =CORREL(BIDU!$J$4:$J$1514,XOM!$J$4:$J$1514) -> 0.32846344 | D11: =CORREL(COP!$J$4:$J$1514,XOM!$J$4:$J$1514) -> 0.71384857 | E11: =CORREL(DIS!$J$4:$J$1514,XOM!$J$4:$J$1514) -> 0.53572779 | F11: =CORREL(GOOG!$J$4:$J$1514,XOM!$J$4:$J$1514) -> 0.3900213 | G11: =CORREL(TSLA!$J$4:$J$1514,XOM!$J$4:$J$1514) -> 0.23793303 | H11: =CORREL(TTM!$J$4:$J$1514,XOM!$J$4:$J$1514) -> 0.39936788 | I11: =CORREL(XOM!$J$4:$J$1514,XOM!$J$4:$J$1514) -> 1 | J11: =CORREL(XOM!$J$4:$J$1514,MSFT!$J$4:$J$1514) -> 0.46000772 | K11: =CORREL(WFC!$J$4:$J$1514,XOM!$J$4:$J$1514) -> 0.58875307 | M11: 1 | O11: BIDU | P11: 0
A12: MSFT | B12: =CORREL(AAPL!$J$4:$J$1514,MSFT!$J$4:$J$1514) -> 0.372886 | C12: =CORREL(BIDU!$J$4:$J$1514,MSFT!$J$4:$J$1514) -> 0.34159745 | D12: =CORREL(COP!$J$4:$J$1514,MSFT!$J$4:$J$1514) -> 0.38605774 | E12: =CORREL(DIS!$J$4:$J$1514,MSFT!$J$4:$J$1514) -> 0.45984151 | F12: =CORREL(GOOG!$J$4:$J$1514,MSFT!$J$4:$J$1514) -> 0.45493459 | G12: =CORREL(TSLA!$J$4:$J$1514,MSFT!$J$4:$J$1514) -> 0.22541166 | H12: =CORREL(TTM!$J$4:$J$1514,MSFT!$J$4:$J$1514) -> 0.36391912 | I12: =CORREL(XOM!$J$4:$J$1514,MSFT!$J$4:$J$1514) -> 0.46000772 | J12: =CORREL(MSFT!$J$4:$J$1514,MSFT!$J$4:$J$1514) -> 1 | K12: =CORREL(WFC!$J$4:$J$1514,MSFT!$J$4:$J$1514) -> 0.49159166 | O12: COP | P12: 0
A13: WFC | B13: =CORREL(WFC!$J$4:$J$1514,AAPL!$J$4:$J$1514) -> 0.38541828 | C13: =CORREL(WFC!$J$4:$J$1514,BIDU!$J$4:$J$1514) -> 0.39688038 | D13: =CORREL(WFC!$J$4:$J$1514,COP!$J$4:$J$1514) -> 0.50261224 | E13: =CORREL(WFC!$J$4:$J$1514,DIS!$J$4:$J$1514) -> 0.61159054 | F13: =CORREL(WFC!$J$4:$J$1514,GOOG!$J$4:$J$1514) -> 0.43170725 | G13: =CORREL(WFC!$J$4:$J$1514,TSLA!$J$4:$J$1514) -> 0.25599649 | H13: =CORREL(WFC!$J$4:$J$1514,TTM!$J$4:$J$1514) -> 0.44517293 | I13: =CORREL(WFC!$J$4:$J$1514,XOM!$J$4:$J$1514) -> 0.58875307 | J13: =CORREL(WFC!$J$4:$J$1514,MSFT!$J$4:$J$1514) -> 0.49159166 | K13: =CORREL(WFC!$J$4:$J$1514,WFC!$J$4:$J$1514) -> 1 | M13: Sharpe Ratio | O13: DIS | P13: 0.38792701
M14: =(N4-0)/N6 -> 0.084159754 | O14: GOOG | P14: 0.17471439
O15: TSLA | P15: 0.16739666
F16: Covariance Table | O16: TTM | P16: 0
A17: Assets | B17: AAPL | C17: BIDU | D17: COP | E17: DIS | F17: GOOG | G17: TSLA | H17: TTM | I17: XOM | J17: MSFT | K17: WFC | O17: XOM | P17: 0
A18: AAPL | B18: =_xlfn.COVARIANCE.S(AAPL!$J$4:$J$1514,AAPL!$J$4:$J$1514) -> 0.00027278234 | C18: =_xlfn.COVARIANCE.S(AAPL!$J$4:$J$1514,BIDU!$J$4:$J$1514) -> 0.00014029648 | D18: =_xlfn.COVARIANCE.S(AAPL!$J$4:$J$1514,COP!$J$4:$J$1514) -> 8.6453503e-05 | E18: =_xlfn.COVARIANCE.S(AAPL!$J$4:$J$1514,DIS!$J$4:$J$1514) -> 7.9886233e-05 | F18: =_xlfn.COVARIANCE.S(AAPL!$J$4:$J$1514,GOOG!$J$4:$J$1514) -> 0.00010341452 | G18: =_xlfn.COVARIANCE.S(AAPL!$J$4:$J$1514,TSLA!$J$4:$J$1514) -> 0.00012392717 | H18: =_xlfn.COVARIANCE.S(AAPL!$J$4:$J$1514,TTM!$J$4:$J$1514) -> 0.00012632988 | I18: =_xlfn.COVARIANCE.S(AAPL!$J$4:$J$1514,XOM!$J$4:$J$1514) -> 6.772234e-05 | J18: =_xlfn.COVARIANCE.S(AAPL!$J$4:$J$1514,MSFT!$J$4:$J$1514) -> 9.1258085e-05 | K18: =_xlfn.COVARIANCE.S(WFC!$J$4:$J$1514,AAPL!$J$4:$J$1514) -> 9.9596454e-05 | O18: MSFT | P18: 0.099172501
A19: BIDU | B19: =_xlfn.COVARIANCE.S(AAPL!$J$4:$J$1514,BIDU!$J$4:$J$1514) -> 0.00014029648 | C19: =_xlfn.COVARIANCE.S(BIDU!$J$4:$J$1514,BIDU!$J$4:$J$1514) -> 0.00062202616 | D19: =_xlfn.COVARIANCE.S(BIDU!$J$4:$J$1514,COP!$J$4:$J$1514) -> 0.00013588355 | E19: =_xlfn.COVARIANCE.S(BIDU!$J$4:$J$1514,DIS!$J$4:$J$1514) -> 0.00013084718 | F19: =_xlfn.COVARIANCE.S(BIDU!$J$4:$J$1514,GOOG!$J$4:$J$1514) -> 0.00017094518 | G19: =_xlfn.COVARIANCE.S(BIDU!$J$4:$J$1514,TSLA!$J$4:$J$1514) -> 0.00021343472 | H19: =_xlfn.COVARIANCE.S(BIDU!$J$4:$J$1514,TTM!$J$4:$J$1514) -> 0.00022142811 | I19: =_xlfn.COVARIANCE.S(BIDU!$J$4:$J$1514,XOM!$J$4:$J$1514) -> 9.8107378e-05 | J19: =_xlfn.COVARIANCE.S(BIDU!$J$4:$J$1514,MSFT!$J$4:$J$1514) -> 0.00012624264 | K19: =_xlfn.COVARIANCE.S(WFC!$J$4:$J$1514,BIDU!$J$4:$J$1514) -> 0.00015487003 | O19: WFC | P19: 0
A20: COP | B20: =_xlfn.COVARIANCE.S(AAPL!$J$4:$J$1514,COP!$J$4:$J$1514) -> 8.6453503e-05 | C20: =_xlfn.COVARIANCE.S(BIDU!$J$4:$J$1514,COP!$J$4:$J$1514) -> 0.00013588355 | D20: =_xlfn.COVARIANCE.S(COP!$J$4:$J$1514,COP!$J$4:$J$1514) -> 0.0002810076 | E20: =_xlfn.COVARIANCE.S(COP!$J$4:$J$1514,DIS!$J$4:$J$1514) -> 0.0001016761 | F20: =_xlfn.COVARIANCE.S(COP!$J$4:$J$1514,GOOG!$J$4:$J$1514) -> 8.6719946e-05 | G20: =_xlfn.COVARIANCE.S(COP!$J$4:$J$1514,TSLA!$J$4:$J$1514) -> 0.00014036204 | H20: =_xlfn.COVARIANCE.S(COP!$J$4:$J$1514,TTM!$J$4:$J$1514) -> 0.00015662746 | I20: =_xlfn.COVARIANCE.S(COP!$J$4:$J$1514,XOM!$J$4:$J$1514) -> 0.00014330965 | J20: =_xlfn.COVARIANCE.S(COP!$J$4:$J$1514,MSFT!$J$4:$J$1514) -> 9.5895547e-05 | K20: =_xlfn.COVARIANCE.S(WFC!$J$4:$J$1514,COP!$J$4:$J$1514) -> 0.00013182432
A21: DIS | B21: =_xlfn.COVARIANCE.S(AAPL!$J$4:$J$1514,DIS!$J$4:$J$1514) -> 7.9886233e-05 | C21: =_xlfn.COVARIANCE.S(BIDU!$J$4:$J$1514,DIS!$J$4:$J$1514) -> 0.00013084718 | D21: =_xlfn.COVARIANCE.S(COP!$J$4:$J$1514,DIS!$J$4:$J$1514) -> 0.0001016761 | E21: =_xlfn.COVARIANCE.S(DIS!$J$4:$J$1514,DIS!$J$4:$J$1514) -> 0.00018860985 | F21: =_xlfn.COVARIANCE.S(DIS!$J$4:$J$1514,GOOG!$J$4:$J$1514) -> 9.1824107e-05 | G21: =_xlfn.COVARIANCE.S(DIS!$J$4:$J$1514,TSLA!$J$4:$J$1514) -> 0.00013165474 | H21: =_xlfn.COVARIANCE.S(DIS!$J$4:$J$1514,TTM!$J$4:$J$1514) -> 0.00013949615 | I21: =_xlfn.COVARIANCE.S(DIS!$J$4:$J$1514,XOM!$J$4:$J$1514) -> 8.8112327e-05 | J21: =_xlfn.COVARIANCE.S(DIS!$J$4:$J$1514,MSFT!$J$4:$J$1514) -> 9.3578806e-05 | K21: =_xlfn.COVARIANCE.S(WFC!$J$4:$J$1514,DIS!$J$4:$J$1514) -> 0.00013141544
A22: GOOG | B22: =_xlfn.COVARIANCE.S(AAPL!$J$4:$J$1514,GOOG!$J$4:$J$1514) -> 0.00010341452 | C22: =_xlfn.COVARIANCE.S(BIDU!$J$4:$J$1514,GOOG!$J$4:$J$1514) -> 0.00017094518 | D22: =_xlfn.COVARIANCE.S(COP!$J$4:$J$1514,GOOG!$J$4:$J$1514) -> 8.6719946e-05 | E22: =_xlfn.COVARIANCE.S(DIS!$J$4:$J$1514,GOOG!$J$4:$J$1514) -> 9.1824107e-05 | F22: =_xlfn.COVARIANCE.S(GOOG!$J$4:$J$1514,GOOG!$J$4:$J$1514) -> 0.00025594385 | G22: =_xlfn.COVARIANCE.S(GOOG!$J$4:$J$1514,TSLA!$J$4:$J$1514) -> 0.00013482127 | H22: =_xlfn.COVARIANCE.S(GOOG!$J$4:$J$1514,TTM!$J$4:$J$1514) -> 0.0001189432 | I22: =_xlfn.COVARIANCE.S(GOOG!$J$4:$J$1514,XOM!$J$4:$J$1514) -> 7.4725871e-05 | J22: =_xlfn.COVARIANCE.S(GOOG!$J$4:$J$1514,MSFT!$J$4:$J$1514) -> 0.00010784709 | K22: =_xlfn.COVARIANCE.S(WFC!$J$4:$J$1514,GOOG!$J$4:$J$1514) -> 0.00010806004
A23: TSLA | B23: =_xlfn.COVARIANCE.S(AAPL!$J$4:$J$1514,TSLA!$J$4:$J$1514) -> 0.00012392717 | C23: =_xlfn.COVARIANCE.S(BIDU!$J$4:$J$1514,TSLA!$J$4:$J$1514) -> 0.00021343472 | D23: =_xlfn.COVARIANCE.S(COP!$J$4:$J$1514,TSLA!$J$4:$J$1514) -> 0.00014036204 | E23: =_xlfn.COVARIANCE.S(DIS!$J$4:$J$1514,TSLA!$J$4:$J$1514) -> 0.00013165474 | F23: =_xlfn.COVARIANCE.S(GOOG!$J$4:$J$1514,TSLA!$J$4:$J$1514) -> 0.00013482127 | G23: =_xlfn.COVARIANCE.S(TSLA!$J$4:$J$1514,TSLA!$J$4:$J$1514) -> 0.0011708748 | H23: =_xlfn.COVARIANCE.S(TSLA!$J$4:$J$1514,TTM!$J$4:$J$1514) -> 0.00022283324 | I23: =_xlfn.COVARIANCE.S(TSLA!$J$4:$J$1514,XOM!$J$4:$J$1514) -> 9.7503516e-05 | J23: =_xlfn.COVARIANCE.S(TSLA!$J$4:$J$1514,MSFT!$J$4:$J$1514) -> 0.00011429277 | K23: =_xlfn.COVARIANCE.S(WFC!$J$4:$J$1514,TSLA!$J$4:$J$1514) -> 0.00013705431 | M23: Tangent Portfolio Plot | O23: Asset\Char. | P23: Weights | Q23: Ex. Return
A24: TTM | B24: =_xlfn.COVARIANCE.S(AAPL!$J$4:$J$1514,TTM!$J$4:$J$1514) -> 0.00012632988 | C24: =_xlfn.COVARIANCE.S(BIDU!$J$4:$J$1514,TTM!$J$4:$J$1514) -> 0.00022142811 | D24: =_xlfn.COVARIANCE.S(COP!$J$4:$J$1514,TTM!$J$4:$J$1514) -> 0.00015662746 | E24: =_xlfn.COVARIANCE.S(DIS!$J$4:$J$1514,TTM!$J$4:$J$1514) -> 0.00013949615 | F24: =_xlfn.COVARIANCE.S(GOOG!$J$4:$J$1514,TTM!$J$4:$J$1514) -> 0.0001189432 | G24: =_xlfn.COVARIANCE.S(TSLA!$J$4:$J$1514,TTM!$J$4:$J$1514) -> 0.00022283324 | H24: =_xlfn.COVARIANCE.S(TTM!$J$4:$J$1514,TTM!$J$4:$J$1514) -> 0.00061666206 | I24: =_xlfn.COVARIANCE.S(TTM!$J$4:$J$1514,XOM!$J$4:$J$1514) -> 0.00011877008 | J24: =_xlfn.COVARIANCE.S(TTM!$J$4:$J$1514,MSFT!$J$4:$J$1514) -> 0.00013391081 | K24: =_xlfn.COVARIANCE.S(WFC!$J$4:$J$1514,TTM!$J$4:$J$1514) -> 0.00017296403 | O24: AAPL | P24: 0.20654928 | Q24: 0.00017335556
A25: XOM | B25: =_xlfn.COVARIANCE.S(AAPL!$J$4:$J$1514,XOM!$J$4:$J$1514) -> 6.772234e-05 | C25: =_xlfn.COVARIANCE.S(BIDU!$J$4:$J$1514,XOM!$J$4:$J$1514) -> 9.8107378e-05 | D25: =_xlfn.COVARIANCE.S(COP!$J$4:$J$1514,XOM!$J$4:$J$1514) -> 0.00014330965 | E25: =_xlfn.COVARIANCE.S(DIS!$J$4:$J$1514,XOM!$J$4:$J$1514) -> 8.8112327e-05 | F25: =_xlfn.COVARIANCE.S(GOOG!$J$4:$J$1514,XOM!$J$4:$J$1514) -> 7.4725871e-05 | G25: =_xlfn.COVARIANCE.S(TSLA!$J$4:$J$1514,XOM!$J$4:$J$1514) -> 9.7503516e-05 | H25: =_xlfn.COVARIANCE.S(TTM!$J$4:$J$1514,XOM!$J$4:$J$1514) -> 0.00011877008 | I25: =_xlfn.COVARIANCE.S(XOM!$J$4:$J$1514,XOM!$J$4:$J$1514) -> 0.0001434236 | J25: =_xlfn.COVARIANCE.S(XOM!$J$4:$J$1514,MSFT!$J$4:$J$1514) -> 8.16324e-05 | K25: =_xlfn.COVARIANCE.S(WFC!$J$4:$J$1514,XOM!$J$4:$J$1514) -> 0.00011031814 | M25: Risk-Free Rate: | N25: 0 | O25: BIDU | P25: -0.015010852 | Q25: -1.3467683e-05
A26: MSFT | B26: =_xlfn.COVARIANCE.S(AAPL!$J$4:$J$1514,MSFT!$J$4:$J$1514) -> 9.1258085e-05 | C26: =_xlfn.COVARIANCE.S(BIDU!$J$4:$J$1514,MSFT!$J$4:$J$1514) -> 0.00012624264 | D26: =_xlfn.COVARIANCE.S(COP!$J$4:$J$1514,MSFT!$J$4:$J$1514) -> 9.5895547e-05 | E26: =_xlfn.COVARIANCE.S(DIS!$J$4:$J$1514,MSFT!$J$4:$J$1514) -> 9.3578806e-05 | F26: =_xlfn.COVARIANCE.S(GOOG!$J$4:$J$1514,MSFT!$J$4:$J$1514) -> 0.00010784709 | G26: =_xlfn.COVARIANCE.S(TSLA!$J$4:$J$1514,MSFT!$J$4:$J$1514) -> 0.00011429277 | H26: =_xlfn.COVARIANCE.S(TTM!$J$4:$J$1514,MSFT!$J$4:$J$1514) -> 0.00013391081 | I26: =_xlfn.COVARIANCE.S(XOM!$J$4:$J$1514,MSFT!$J$4:$J$1514) -> 8.16324e-05 | J26: =_xlfn.COVARIANCE.S(MSFT!$J$4:$J$1514,MSFT!$J$4:$J$1514) -> 0.00021957065 | K26: =_xlfn.COVARIANCE.S(WFC!$J$4:$J$1514,MSFT!$J$4:$J$1514) -> 0.00011397119 | M26: Expected Returns: | N26: =N29*N28 -> 0.001147494 | O26: COP | P26: -0.2457373 | Q26: -9.8987715e-05
A27: WFC | B27: =_xlfn.COVARIANCE.S(WFC!$J$4:$J$1514,AAPL!$J$4:$J$1514) -> 9.9596454e-05 | C27: =_xlfn.COVARIANCE.S(WFC!$J$4:$J$1514,BIDU!$J$4:$J$1514) -> 0.00015487003 | D27: =_xlfn.COVARIANCE.S(WFC!$J$4:$J$1514,COP!$J$4:$J$1514) -> 0.00013182432 | E27: =_xlfn.COVARIANCE.S(WFC!$J$4:$J$1514,DIS!$J$4:$J$1514) -> 0.00013141544 | F27: =_xlfn.COVARIANCE.S(WFC!$J$4:$J$1514,GOOG!$J$4:$J$1514) -> 0.00010806004 | G27: =_xlfn.COVARIANCE.S(WFC!$J$4:$J$1514,TSLA!$J$4:$J$1514) -> 0.00013705431 | H27: =_xlfn.COVARIANCE.S(WFC!$J$4:$J$1514,TTM!$J$4:$J$1514) -> 0.00017296403 | I27: =_xlfn.COVARIANCE.S(WFC!$J$4:$J$1514,XOM!$J$4:$J$1514) -> 0.00011031814 | J27: =_xlfn.COVARIANCE.S(WFC!$J$4:$J$1514,MSFT!$J$4:$J$1514) -> 0.00011397119 | K27: =_xlfn.COVARIANCE.S(WFC!$J$4:$J$1514,WFC!$J$4:$J$1514) -> 0.00024479745 | M27: Variance : | N27: 0.00017019569 | O27: DIS | P27: 0.49699024 | Q27: 0.00044615306
M28: Standard deviations: | N28: 0.013045907 | O28: GOOG | P28: 0.20095099 | Q28: 0.00017648551
M29: Sharpe Ratio: | N29: 0.087958161 | O29: TSLA | P29: 0.17946375 | Q29: 0.00036397834
A30: Stats.\Assets | B30: AAPL | C30: BIDU | D30: COP | E30: DIS | F30: GOOG | G30: TSLA | H30: TTM | I30: XOM | J30: MSFT | K30: WFC | O30: TTM | P30: -0.021101396 | Q30: -1.7194071e-05
A31: Mean | B31: 0.00083929393 | C31: 0.00089719644 | D31: 0.00040281925 | E31: 0.0008977099 | F31: 0.00087825152 | G31: 0.0020281441 | H31: 0.00081483095 | I31: 0.00051131218 | J31: 0.00074693549 | K31: 0.00062554756 | O31: XOM | P31: 0.21982543 | Q31: 0.00011239942
A32: Std. Deviation | B32: 0.016516124 | C32: 0.024940452 | D32: 0.016763281 | E32: 0.01373353 | F32: 0.015998245 | G32: 0.034218048 | H32: 0.024832681 | I32: 0.011975959 | J32: 0.014817916 | K32: 0.015646004 | O32: MSFT | P32: 0.15232084 | Q32: 0.00011377384
O33: WFC | P33: -0.17425099 | Q33: -0.00010900228

Sheet CAPM
A1: AAPL | B1: BIDU | C1: COP | D1: DIS | E1: GOOG | F1: TSLA | G1: TTM | H1: XOM | I1: MSFT | J1: WFC | K1: DJI
A2: -0.012125807 | B2: 0.0069036573 | C2: -0.0044815707 | D2: -0.00031746476 | E2: -0.012271026 | F2: -0.078472556 | G2: 0.011052902 | H2: -0.008060274 | I2: 0.0065188837 | J2: -0.016406292 | K2: -0.0042448511
A3: -0.006197722 | B3: -0.014587891 | C3: -0.0010232382 | D3: -0.0034931867 | E3: -0.0066896311 | F3: -0.12568297 | G3: -0.012658201 | H3: -0.00070660504 | I3: 0.004749614 | J3: -0.011914262 | K3: -0.0047315346 | M3: AAPL | W3: TSLA
A4: 0.0068437567 | B4: -0.0014804737 | C4: 0.0077837007 | D4: 0.010834939 | E4: -0.0010994678 | F4: -0.16093749 | G4: 0.0064103046 | H4: 0.015732713 | I4: 0.023635556 | J4: 0.010852135 | K4: 0.0058989071
A5: 0.04038137 | B5: 0.072943013 | C5: 0.039837604 | D5: 0.044766682 | E5: 0.032402993 | F5: -0.019242767 | G5: 0.0017370002 | H5: 0.016881334 | I5: 0.020151098 | J5: 0.060039782 | K5: 0.028188717 | M5: Regression Statistics | W5: Regression Statistics
A6: -0.0022423051 | B6: 0.00082903133 | C6: 0.0076231097 | D6: 0.0060350547 | E6: 0.01412711 | F6: 0.10506323 | G6: 0.015028926 | H6: 0.0065035149 | I6: 0.0045267926 | J6: -0.00075024525 | K6: 0.01204897 | M6: Multiple R | N6: 0.49649556 | W6: Multiple R | X6: 0.32991253
A7: 0.0059281733 | B7: -0.016981955 | C7: 0.014549026 | D7: 0.012297516 | E7: 0.023939842 | F7: -0.003436369 | G7: 0.0051253069 | H7: -0.00051015912 | I7: -0.0057353261 | J7: 0.013513555 | K7: 0.005823069 | M7: R Square | N7: 0.24650784 | W7: R Square | X7: 0.10884228
A8: -0.0089746265 | B8: -0.0066010396 | C8: -0.0038242342 | D8: 0.00059260089 | E8: 0.017839983 | F8: -0.020115 | G8: 0.0090651143 | H8: 0.002722016 | I8: 0.023073688 | J8: 0.0022222218 | K8: 0.0017885081 | M8: Adjusted R Square | N8: 0.24600851 | W8: Adjusted R Square | X8: 0.10825172
A9: -0.021337814 | B9: 0.051604607 | C9: 0.021497304 | D9: 0.020136239 | E9: 0.028098257 | F9: 0.063929623 | G9: 0.039865318 | H9: 0.0081438803 | I9: 0.012082167 | J9: 0.032520348 | K9: 0.014364343 | M9: Standard Error | N9: 0.014341393 | W9: Standard Error | X9: 0.032312933
A10: 0.0036934377 | B10: 0.0087389356 | C10: -0.0078920099 | D10: -0.0060957811 | E10: 0.0043745099 | F10: 0.093715606 | G10: -0.02807774 | H10: -0.0026926978 | I10: 0.01233587 | J10: -0.0100215 | K10: 0.00035705809 | M10: Observations | N10: 1511 | W10: Observations | X10: 1511
A11: -0.005064686 | B11: 0.0081300814 | C11: 0.0011364349 | D11: -0.005549111 | E11: 0.0054544525 | F11: 0.0025201109 | G11: 0.0083333096 | H11: 0.00016878168 | I11: 0.002751582 | J11: 0.0054229926 | K11: -0.00071480277
A12: -0.0061642271 | B12: -0.027895294 | C12: -0.019107078 | D12: -0.029955982 | E12: -0.069653028 | F12: 0.037707393 | G12: -0.004407752 | H12: -0.022102278 | I12: -0.024304226 | J12: -0.056454531 | K12: -0.025234228 | M12: ANOVA | W12: ANOVA
A13: -0.017286892 | B13: -0.0085678908 | C13: -0.00019282743 | D13: 0.008477228 | E13: 0.014294737 | F13: 0.061531059 | G13: 0.011068136 | H13: 0.0081090727 | I13: 0.013660098 | J13: -0.0083840863 | K13: 0.0055981241 | N13: df | O13: SS | P13: MS | Q13: F | R13: Significance F | X13: df | Y13: SS | Z13: MS | AA13: F | AB13: Significance F
A14: 0.02569426 | B14: 0.015637846 | C14: 0.015817885 | D14: 0.0027018963 | E14: 0.033055884 | F14: -0.073482474 | G14: 0.00054732825 | H14: 0.0088995382 | I14: 0.0099088536 | J14: -0.0042275757 | K14: 0.0074381597 | M14: Regression | N14: 1 | O14: 0.10153691 | P14: 0.10153691 | Q14: 493.67511 | R14: 7.4411992e-95 | W14: Regression | X14: 1 | Y14: 0.19243543 | Z14: 0.19243543 | AA14: 184.30295 | AB14: 1.0777759e-39
A15: 0.00932941 | B15: -0.0098595758 | C15: -0.01025437 | D15: -0.017664688 | E15: -0.0084927197 | F15: -0.0039408869 | G15: -0.010940927 | H15: -0.013231593 | I15: -0.014128692 | J15: 0.0057892697 | K15: -0.010696981 | M15: Residual | N15: 1509 | O15: 0.31036443 | P15: 0.00020567557 | W15: Residual | X15: 1509 | Y15: 1.5755855 | Z15: 0.0010441256
A16: 0.018801171 | B16: 0.015550389 | C16: 0.022064344 | D16: 0.023773206 | E16: 0.015308926 | F16: 0.038575719 | G16: 0.042035382 | H16: 0.020801158 | I16: 0.028662393 | J16: 0.051036093 | K16: 0.019936657 | M16: Total | N16: 1510 | O16: 0.41190134 | W16: Total | X16: 1510 | Y16: 1.768021
A17: 0.0035518192 | B17: 0.048488934 | C17: 0.0097616662 | D17: 0.016076243 | E17: 0.010828947 | F17: 0.013809571 | G17: 0.0015924202 | H17: 0.0057258245 | I17: -0.0011610143 | J17: 0.0010952901 | K17: 0.0099125497
A18: -0.0025390012 | B18: 0.029592686 | C18: 0.011898084 | D18: 0.0079109434 | E18: -0.0022241706 | F18: -0.015969938 | G18: 0.010598785 | H18: 0.01121899 | I18: 0.011236001 | J18: 0.017870151 | K18: 0.0096703351 | N18: Coefficients | O18: Standard Error | P18: t Stat | Q18: P-value | R18: Lower 95% | S18: Upper 95% | T18: Lower 95.0% | U18: Upper 95.0% | X18: Coefficients | Y18: Standard Error | Z18: t Stat | AA18: P-value | AB18: Lower 95% | AC18: Upper 95% | AD18: Lower 95.0% | AE18: Upper 95.0%
A19: 0.018512813 | B19: 0.0087096799 | C19: 0.00018368734 | D19: -0.0034884525 | E19: 0.0074851177 | F19: -0.019093173 | G19: -0.0052438983 | H19: 0.0069548349 | I19: 0.002298807 | J19: 0.017198134 | K19: 0.0011648684 | M19: Intercept | N19: 0.00044039568 | O19: 0.00036937942 | P19: 1.1922583 | Q19: 0.23334743 | R19: -0.00028415583 | S19: 0.0011649472 | T19: -0.00028415583 | U19: 0.0011649472 | W19: Intercept | X19: 0.0014789919 | Y19: 0.0008322575 | Z19: 1.7770845 | AA19: 0.075755724 | AB19: -0.00015351219 | AC19: 0.0031114961 | AD19: -0.00015351219 | AE19: 0.0031114961
A20: -0.011814679 | B20: -0.020599457 | C20: 0 | D20: -0.007001106 | E20: -0.016807753 | F20: 0.0082725065 | G20: 0.014233061 | H20: 0.0016444455 | I20: -0.0080274612 | J20: -0.011271546 | K20: -0.0037779199 | M20: DJI | N20: 0.90008643 | O20: 0.040510126 | P20: 22.218801 | Q20: 7.4411992e-95 | R20: 0.8206243 | S20: 0.97954855 | T20: 0.8206243 | U20: 0.97954855 | W20: DJI | X20: 1.239124 | Y20: 0.091274323 | Z20: 13.575822 | AA20: 1.0777759e-39 | AB20: 1.060086 | AC20: 1.418162 | AD20: 1.060086 | AE20: 1.418162
A21: -0.010921189 | B21: -0.0025189546 | C21: 0.012432719 | D21: -0.0096945164 | E21: 0.0013213467 | F21: -0.017857095 | G21: -0.0072765015 | H21: -0.0093580786 | I21: 0.0030828234 | J21: -0.013537555 | K21: -0.0029262785
A22: -0.0033319083 | B22: 0.02790413 | C22: 0.012096753 | D22: -0.00059330407 | E22: -0.00028864432 | F22: -0.020147371 | G22: -0.009947668 | H22: -0.010938012 | I22: -0.0084518224 | J22: 0.0014445088 | K22: -0.00011652922 | M22: BIDU | W22: TTM
A23: 0.017881435 | B23: 0.0391843 | C23: 0.041832703 | D23: 0.0234491 | E23: 0.01146742 | F23: 0.04914739 | G23: 0.025912196 | H23: 0.037868604 | I23: 0.020147275 | J23: 0.030292098 | K23: 0.019915979
A24: 0.00030552342 | B24: 0.0022458984 | C24: 0.00052145694 | D24: -0.0078306413 | E24: -0.0011826562 | F24: 0.049235229 | G24: 0.0030927419 | H24: 0.01259289 | I24: -0.0064565551 | J24: -0.015750745 | K24: -0.0035599258 | M24: Regression Statistics | W24: Regression Statistics
A25: 0.0040087411 | B25: 0.021346821 | C25: -0.0024321588 | D25: 0.018123451 | E25: 0.033664707 | F25: -0.031435124 | G25: -0.0077080981 | H25: 0 | I25: -0.016437283 | J25: -0.0049875606 | K25: 0.0041414288 | M25: Multiple R | N25: 0.47933272 | W25: Multiple R | X25: 0.54765351
A26: -0.0048672829 | B26: -0.011893742 | C26: 0.0048763513 | D26: 0.0043065669 | E26: 0.0035156092 | F26: -0.038099671 | G26: 0.0041429675 | H26: -0.00015948955 | I26: -0.013991414 | J26: -0.0017902447 | K26: -0.00051020606 | M26: R Square | N26: 0.22975985 | W26: R Square | X26: 0.29992437
A27: -0.0061520666 | B27: 0.011218873 | C27: -0.013344964 | D27: 0.0005717633 | E27: -0.015508779 | F27: -0.042053837 | G27: 0.04195078 | H27: -0.011800318 | I27: 0.0070949059 | J27: -0.004662777 | K27: -0.0020066454 | M27: Adjusted R Square | N27: 0.22924942 | W27: Adjusted R Square | X27: 0.29946044
A28: 0.0063823346 | B28: 0.011903375 | C28: 0.006674783 | D28: 0.0045714302 | E28: 0.01025548 | F28: 0.00051046452 | G28: 0.0095620832 | H28: 0.0077456881 | I28: 0.0023484305 | J28: 0.017297287 | K28: 0.0042418151 | M28: Standard Error | N28: 0.021895822 | W28: Standard Error | X28: 0.020784518
A29: -0.008939829 | B29: 0.0035404866 | C29: -0.0076775304 | D29: 0.0036974041 | E29: -0.0032452866 | F29: -0.029081582 | G29: 0.030408807 | H29: -0.0083266805 | I29: -0.021085573 | J29: -0.01629469 | K29: -0.005094053 | M29: Observations | N29: 1511 | W29: Observations | X29: 1511
A30: -0.035542187 | B30: -0.041424831 | C30: -0.023914206 | D30: -0.030320195 | E30: -0.023763657 | F30: -0.059379976 | G30: 0.041606177 | H30: -0.017889043 | I30: -0.0083765282 | J30: -0.052934864 | K30: -0.024935521
A31: 0.0063951835 | B31: -0.018758173 | C31: -0.0028822878 | D31: -0.006721182 | E31: 0.0005490488 | F31: -0.016759777 | G31: 0.01439849 | H31: -0.002649448 | I31: -0.014883365 | J31: -0.011406843 | K31: -0.0056730749 | M31: ANOVA | W31: ANOVA
A32: -0.01068359 | B32: 0.0021778584 | C32: -0.0059619439 | D32: -0.0091203924 | E32: -0.011503813 | F32: 0.040909091 | G32: -0.013278422 | H32: -0.005312953 | I32: -0.003674948 | J32: -0.0061538129 | K32: -0.0016278964 | N32: df | O32: SS | P32: MS | Q32: F | R32: Significance F | X32: df | Y32: SS | Z32: MS | AA32: F | AB32: Significance F
A33: -0.0058610129 | B33: 0.01835079 | C33: -0.0016358277 | D33: -0.00059383254 | E33: -0.001562677 | F33: 0.025109225 | G33: 0.018097534 | H33: -0.00050074307 | I33: 0.0040983474 | J33: -0.0061919615 | K33: -0.00011070594 | M33: Regression | N33: 1 | O33: 0.21580412 | P33: 0.21580412 | Q33: 450.12925 | R33: 1.2312866e-87 | W33: Regression | X33: 1 | Y33: 0.27927749 | Z33: 0.27927749 | AA33: 646.4814 | AB33: 5.4352812e-119
A34: 0.017485068 | B34: 0.0009484529 | C34: 0.01711273 | D34: 0.0029708297 | E34: 0.010152595 | F34: 0.019701756 | G34: 0.036007238 | H34: 0.015698052 | I34: 0.013951557 | J34: -0.013239877 | K34: 0.010079571 | M34: Residual | N34: 1509 | O34: 0.72345537 | P34: 0.00047942702 | W34: Residual | X34: 1509 | Y34: 0.65188223 | Z34: 0.00043199617
A35: 0.0043656099 | B35: -0.017884662 | C35: -0.008054553 | D35: 0.0044431904 | E35: -0.017063523 | F35: -0.019843342 | G35: -0.010558719 | H35: -0.011016097 | I35: 0.0044516652 | J35: 0.0015784892 | K35: 0.00093124832 | M35: Total | N35: 1510 | O35: 0.9392595 | W35: Total | X35: 1510 | Y35: 0.93115972
A36: -0.012605233 | B36: -0.020863435 | C36: -0.012811152 | D36: -0.021232715 | E36: -0.02940993 | F36: 0.0010655834 | G36: -0.021787451 | H36: -0.014297587 | I36: -0.015310233 | J36: -0.037431015 | K36: -0.013857186
A37: -0.00096047669 | B37: 0.012070402 | C37: -0.014988111 | D37: -0.0042181315 | E37: -0.012714456 | F37: 0.016498083 | G37: 0.030909112 | H37: -0.0067465368 | I37: -0.0085924825 | J37: 0.0069586818 | K37: -0.0056069188 | N37: Coefficients | O37: Standard Error | P37: t Stat | Q37: P-value | R37: Lower 95% | S37: Upper 95% | T37: Lower 95.0% | U37: Upper 95.0% | X37: Coefficients | Y37: Standard Error | Z37: t Stat | AA37: P-value | AB37: Lower 95% | AC37: Upper 95% | AD37: Lower 95.0% | AE37: Upper 95.0%
A38: -0.015382188 | B38: -0.034075637 | C38: -0.0033402886 | D38: -0.0036308142 | E38: 0.0044370036 | F38: 0.053926649 | G38: -0.016313976 | H38: 0.010358315 | I38: 0.0020635741 | J38: -0.015040689 | K38: -0.0038389875 | M38: Intercept | N38: 0.00031565585 | O38: 0.00056395259 | P38: 0.55972053 | Q38: 0.57575314 | R38: -0.0007905582 | S38: 0.0014218699 | T38: -0.0007905582 | U38: 0.0014218699 | W38: Intercept | X38: 0.00015327263 | Y38: 0.00053532965 | Z38: 0.28631449 | AA38: 0.77467656 | AB38: -0.00089679644 | AC38: 0.0012033417 | AD38: -0.00089679644 | AE38: 0.0012033417
A39: -0.023881162 | B39: -0.025576501 | C39: -0.0052131535 | D39: -0.02399032 | E39: -0.027323421 | F39: -0.046199605 | G39: -0.009412795 | H39: -0.0094117843 | I39: -0.0098846709 | J39: -0.024350012 | K39: -0.013166361 | M39: DJI | N39: 1.3122063 | O39: 0.061849116 | P39: 21.21625 | Q39: 1.2312866e-87 | R39: 1.1908869 | S39: 1.4335256 | T39: 1.1908869 | U39: 1.4335256 | W39: DJI | X39: 1.4927608 | Y39: 0.058710016 | Z39: 25.425998 | AA39: 5.4352812e-119 | AB39: 1.3775989 | AC39: 1.6079227 | AD39: 1.3775989 | AE39: 1.6079227
A40: 0.012336879 | B40: 0.012412814 | C40: 0.00056147144 | D40: -0.0009333615 | E40: 0.0071556462 | F40: 0.036458279 | G40: -0.036199156 | H40: -0.00050898401 | I40: 0.0024958504 | J40: -0.0016920017 | K40: 0.0019530369
A41: -0.010745562 | B41: -0.02171143 | C41: -0.019640785 | D41: -0.0052943068 | E41: -0.0080066784 | F41: -0.0075376884 | G41: 0.013145605 | H41: -0.0072992789 | I41: -0.011618321 | J41: -0.0046610132 | K41: -0.007380672 | M41: COP | W41: XOM
A42: 0.0055768232 | B42: 0.036161946 | C42: 0.019271128 | D42: 0.026299235 | E42: 0.017406521 | F42: -0.0025315949 | G42: 0.02316961 | H42: 0.022571818 | I42: 0.0046179954 | J42: 0.021711344 | K42: 0.016507507
A43: 0.0036420477 | B43: -0.026836398 | C43: -0.014039725 | D43: -0.013117739 | E43: -0.013381853 | F43: 0.0086294412 | G43: -0.041213802 | H43: -0.013377901 | I43: -0.012118688 | J43: -0.031249997 | K43: -0.013882846 | M43: Regression Statistics | W43: Regression Statistics
A44: 0.0024742987 | B44: 0.015406551 | C44: -0.0045565221 | D44: 0.0058733099 | E44: -0.0058980821 | F44: -0.019627629 | G44: 0.011336832 | H44: 0.0018644099 | I44: -0.0071911896 | J44: 0.012903225 | K44: 0.00049844099 | M44: Multiple R | N44: 0.63510364 | W44: Multiple R | X44: 0.77224512
A45: 0.0297408 | B45: 0.04347821 | C45: 0.031088888 | D45: 0.029809413 | E45: 0.022910124 | F45: 0.049794713 | G45: 0.022886491 | H45: 0.030451687 | I45: 0.018321228 | J45: 0.047133783 | K45: 0.025437557 | M45: R Square | N45: 0.40335663 | W45: R Square | X45: 0.59636252
A46: 0.0073502658 | B46: 0.0094086637 | C46: 0.0068443098 | D46: 0.011936773 | E46: 0.0061912068 | F46: 0.029828752 | G46: 0.024657572 | H46: 0.002462668 | I46: 0.0016737124 | J46: 0.017842646 | K46: 0.0049301358 | M46: Adjusted R Square | N46: 0.40296124 | W46: Adjusted R Square | X46: 0.59609504
A47: 0.026172887 | B47: 0.020457596 | C47: 0.011390882 | D47: 0.022412228 | E47: 0.015371999 | F47: -0.00047483383 | G47: 0.010695172 | H47: 0.0042580895 | I47: 0.014619902 | J47: 0.029482102 | K47: 0.012386516 | M47: Standard Error | N47: 0.0129527 | W47: Standard Error | X47: 0.0076111434
A48: -0.0037098305 | B48: -0.024080735 | C48: -0.025249774 | D48: -0.023939964 | E48: -0.012545235 | F48: -0.024227935 | G48: -0.006613759 | H48: -0.012557099 | I48: -0.013585917 | J48: -0.035603734 | K48: -0.010264164 | M48: Observations | N48: 1511 | W48: Observations | X48: 1511
A49: 0.019820767 | B49: 0.023337852 | C49: 0.012299642 | D49: 0 | E49: 0.013307492 | F49: 0.017526727 | G49: 0.0053261777 | H49: 0.0033030734 | I49: -0.0012520675 | J49: 0.012038476 | K49: 0.0044793276
A50: 0.00057049613 | B50: -0.0042760422 | C50: 0.0075478605 | D50: 0.0070922656 | E50: 0.011900236 | F50: -0.0090909569 | G50: -0.00044151982 | H50: 0.0049382695 | I50: 0.0033430814 | J50: 0.018636072 | K50: 0.0027178621 | M50: ANOVA | W50: ANOVA
A51: 0.0012924528 | B51: 0.0059644517 | C51: 0.00036535216 | D51: 0.0020539552 | E51: -8.4010029e-05 | F51: -0.026074313 | G51: 0.0048587242 | H51: 0.0024570207 | I51: -0.0066638849 | J51: 0.0023355208 | K51: 0.0045634377 | N51: df | O51: SS | P51: MS | Q51: F | R51: Significance F | X51: df | Y51: SS | Z51: MS | AA51: F | AB51: Significance F
A52: 0.013780763 | B52: 0.02288628 | C52: 0.011506839 | D52: 0.0035138944 | E52: 0.01287438 | F52: 0.027268171 | G52: 0.008791212 | H52: -0.0032679916 | I52: 0.052830209 | J52: 0.02912621 | K52: 0.0077761772 | M52: Regression | N52: 1 | O52: 0.17115288 | P52: 0.17115288 | Q52: 1020.149 | R52: 1.9323394e-171 | W52: Regression | X52: 1 | Y52: 0.12915401 | Z52: 0.12915401 | AA52: 2229.5032 | AB52: 1.3968412e-299
A53: 0.0038196295 | B53: 0.0008115001 | C53: -0.00018051697 | D53: -0.006419635 | E53: -0.0038152923 | F53: 0.019305117 | G53: 0.028758153 | H53: 0.00016391895 | I53: -0.0031859791 | J53: -0.016603804 | K53: -0.0016729356 | M53: Residual | N53: 1509 | O53: 0.2531686 | P53: 0.00016777243 | W53: Residual | X53: 1509 | Y53: 0.087415621 | Z53: 5.7929504e-05
A54: 0.0080578875 | B54: -0.00034749217 | C54: 0.0034314645 | D54: 0.0046989418 | E54: 0.00043713641 | F54: 0.040719648 | G54: -0.0228717 | H54: -0.00016389209 | I54: 0.0035957232 | J54: 0.010744456 | K54: 0.00439275 | M54: Total | N54: 1510 | O54: 0.42432148 | W54: Total | X54: 1510 | Y54: 0.21656964
A55: 0.023499362 | B55: -0.002433453 | C55: -0.0035998718 | D55: -0.0011692652 | E55: 0.00087382416 | F55: -0.047315696 | G55: 0.022540141 | H55: -0.00049177612 | I55: 0.0083598365 | J55: -0.01063024 | K55: 0.0020902462
A56: -0.004338854 | B56: -0.0041815892 | C56: -0.0016255107 | D56: 0.011413617 | E56: 0.018895778 | F56: -0.033906445 | G56: -0.012293376 | H56: -0.00311632 | I56: -0.0043427021 | J56: -0.0019186196 | K56: 0.0012288569 | N56: Coefficients | O56: Standard Error | P56: t Stat | Q56: P-value | R56: Lower 95% | S56: Upper 95% | T56: Lower 95.0% | U56: Upper 95.0% | X56: Coefficients | Y56: Standard Error | Z56: t Stat | AA56: P-value | AB56: Lower 95% | AC56: Upper 95% | AD56: Lower 95.0% | AE56: Upper 95.0%
A57: 0.028543468 | B57: 0.048291145 | C57: 0.028224948 | D57: 0.009837974 | E57: 0.036988653 | F57: 0.041028127 | G57: 0.033476417 | H57: 0.012668643 | I57: 0.0083267358 | J57: 0.021145696 | K57: 0.013741759 | M57: Intercept | N57: -0.00011507642 | O57: 0.00033361198 | P57: -0.34494091 | Q57: 0.73018686 | R57: -0.00076946877 | S57: 0.00053931593 | T57: -0.00076946877 | U57: 0.00053931593 | W57: Intercept | X57: 6.1424473e-05 | Y57: 0.00019603393 | Z57: 0.31333592 | AA57: 0.75406876 | AB57: -0.0003231034 | AC57: 0.00044595234 | AD57: -0.0003231034 | AE57: 0.00044595234
A58: 0.0019065283 | B58: 0.014687871 | C58: -0.005454916 | D58: -0.011461353 | E58: 0.010191209 | F58: -0.013770134 | G58: 0.0033222691 | H58: -0.0001624542 | I58: -0.011010632 | J58: -0.0067771425 | K58: 0.00068908423 | M58: DJI | N58: 1.1685959 | O58: 0.036587484 | P58: 31.939772 | Q58: 1.9323394e-171 | R58: 1.0968282 | S58: 1.2403636 | T58: 1.0968282 | U58: 1.2403636 | W58: DJI | X58: 1.0151406 | Y58: 0.021499193 | Z58: 47.217615 | AA58: 1.3968412e-299 | AB58: 0.97296914 | AC58: 1.0573121 | AD58: 0.97296914 | AE58: 1.0573121
A59: 0.014025485 | B59: 0.0067989471 | C59: -0.008138535 | D59: -0.014782562 | E59: 0.0049468375 | F59: -0.04333168 | G59: -0.0066225364 | H59: -0.001462459 | I59: -0.021471121 | J59: -0.021607242 | K59: -0.0020184591
A60: 0.0040659902 | B60: 0.035072444 | C60: -0.014984069 | D60: -0.025595863 | E60: -0.0048837194 | F60: -0.015601509 | G60: -0.0024999748 | H60: -0.0048819966 | I60: -0.0073141296 | J60: -0.029833374 | K60: -0.0071596456 | M60: DIS | W60: MSFT
A61: 0.011767946 | B61: 0.029464412 | C61: 0.020644716 | D61: 0.013888985 | E61: 0.026894957 | F61: 0.027607414 | G61: 0.013784475 | H61: 0.0098119141 | I61: 0.014326666 | J61: 0.021964838 | K61: 0.018554873
A62: -0.003968241 | B62: 0.06122864 | C62: -0.0017742539 | D62: -0.0086361158 | E62: 0.0059170237 | F62: 0.021393085 | G62: 0.015657161 | H62: -0.00064778821 | I62: -0.0020178196 | J62: -0.0023446476 | K62: -0.0044400163 | M62: Regression Statistics | W62: Regression Statistics
A63: -0.014768493 | B63: -0.017145049 | C63: 0.014752813 | D63: -0.0021027301 | E63: -0.0061084881 | F63: 0.042376958 | G63: 0.0036511 | H63: 0.0056717258 | I63: -0.0020218047 | J63: -0.0070505189 | K63: 0.0042637291 | M63: Multiple R | N63: 0.7493255 | W63: Multiple R | X63: 0.64156449
A64: 0.0017778733 | B64: 0.016464132 | C64: 0.0047294582 | D64: -0.0063215813 | E64: 0.00098641538 | F64: 0.027102804 | G64: 0.031527911 | H64: -0.0075733392 | I64: -0.0072933374 | J64: -0.012228807 | K64: -0.0021052759 | M64: R Square | N64: 0.5614887 | W64: R Square | X64: 0.41160499
A65: -0.012597021 | B65: -0.010605457 | C65: 0.0012203196 | D65: 0.0027264518 | E65: -0.0036005586 | F65: -0.071428571 | G65: -0.00039186612 | H65: 0.0032472981 | I65: -0.00040820477 | J65: 0.0031948939 | K65: -0.0043589514 | M65: Adjusted R Square | N65: 0.56119811 | W65: Adjusted R Square | X65: 0.41121507
A66: -0.0043347387 | B66: -0.037224711 | C66: 0.0074874725 | D66: 0.0072508241 | E66: -0.00032333733 | F66: 0.0093091622 | G66: 0.0031360346 | H66: 0.012137881 | I66: -0.0044916557 | J66: 0.017515863 | K66: 0.0038588884 | M66: Standard Error | N66: 0.009097382 | W66: Standard Error | X66: 0.011370131
A67: -0.013733577 | B67: -0.02611338 | C67: -0.010369829 | D67: -0.0059988513 | E67: -0.0062212682 | F67: 0.018932039 | G67: 0.00078158839 | H67: -0.0055964533 | I67: -0.019278041 | J67: -0.007042244 | K67: -0.0072403028 | M67: Observations | N67: 1511 | W67: Observations | X67: 1511
A68: 0.036965236 | B68: 0.067345624 | C68: 0.02672011 | D68: 0.020820855 | E68: 0.030401032 | F68: 0.0061934731 | G68: 0.02499019 | H68: 0.01720532 | I68: 0.018402352 | J68: 0.034279012 | K68: 0.017993243
A69: 0.00086529834 | B69: -0.041869475 | C69: 0.015478872 | D69: -0.0032515649 | E69: -0.0072087539 | F69: -0.031250093 | G69: 0.013333379 | H69: 0.010749296 | I69: 0.0032854183 | J69: 0.0019047323 | K69: 0.0020951345 | M69: ANOVA | W69: ANOVA
A70: 0.00010368713 | B70: 0.00091459348 | C70: 0.00016748233 | D70: 0.0056345874 | E70: -0.0081220139 | F70: -0.0014662269 | G70: 0 | H70: -0.0014075654 | I70: 0.0040933606 | J70: -0.011406843 | K70: -0.0017387781 | N70: df | O70: SS | P70: MS | Q70: F | R70: Significance F | X70: df | Y70: SS | Z70: MS | AA70: F | AB70: Significance F
A71: 0.016769226 | B71: 0.0013199818 | C71: -0.0016747939 | D71: 0.017693854 | E71: 0.01196196 | F71: 0 | G71: 0.0033834441 | H71: 0.0083006941 | I71: 0.0016305834 | J71: -0.0019230471 | K71: 0.0052883926 | M71: Regression | N71: 1 | O71: 0.15991247 | P71: 0.15991247 | Q71: 1932.1884 | R71: 2.0517829e-272 | W71: Regression | X71: 1 | Y71: 0.13646832 | Z71: 0.13646832 | AA71: 1055.6037 | AB71: 5.2494976e-176
A72: 0.0043867566 | B72: 0.011356672 | C72: 0.0030197367 | D72: 0.0017386509 | E72: 0.0046425121 | F72: -0.0093000489 | G72: 0.020232249 | H72: 0.0026406508 | I72: 0.00081403595 | J72: -0.011560737 | K72: 0.00035064524 | M72: Residual | N72: 1509 | O72: 0.1248884 | P72: 8.276236e-05 | W72: Residual | X72: 1509 | Y72: 0.19508335 | Z72: 0.00012927989
A73: 0.010766492 | B73: -0.001203078 | C73: -0.0030106453 | D73: -0.0026034183 | E73: 0.004732368 | F73: 0 | G73: -0.0036724217 | H73: 0.0023236879 | I73: 0.0097600573 | J73: 0.012865487 | K73: 0.00091373656 | M73: Total | N73: 1510 | O73: 0.28480087 | W73: Total | X73: 1510 | Y73: 0.33155167
A74: 0.0053594525 | B74: 0.0033125275 | C74: 0.0087232646 | D74: 0.012471014 | E74: 0.0035280019 | F74: 0.014822184 | G74: 0.026538929 | H74: 0.0052550902 | I74: 0.020539683 | J74: -0.0065434737 | K74: 0.006867236
A75: 0.0072299 | B75: -0.017508755 | C75: 0.0031598241 | D75: -0.0017187293 | E75: -0.0043622227 | F75: 0.010223904 | G75: -0.0014362889 | H75: 0.0039975599 | I75: -0.0043409883 | J75: -0.042231692 | K75: -0.00013606337 | N75: Coefficients | O75: Standard Error | P75: t Stat | Q75: P-value | R75: Lower 95% | S75: Upper 95% | T75: Lower 95.0% | U75: Upper 95.0% | X75: Coefficients | Y75: Standard Error | Z75: t Stat | AA75: P-value | AB75: Lower 95% | AC75: Upper 95% | AD75: Lower 95.0% | AE75: Upper 95.0%
A76: 0.041116754 | B76: 0.0046843891 | C76: 0.0076261053 | D76: 0.00086090682 | E76: 0.1118814 | F76: -0.010120434 | G76: -0.023372897 | H76: -0.0016845357 | I76: 0.012287003 | J76: -0.046116519 | K76: -0.0028653692 | M76: Intercept | N76: 0.00039710933 | O76: 0.00023431375 | P76: 1.694776 | Q76: 0.090324239 | R76: -6.2505833e-05 | S76: 0.0008567245 | T76: -6.2505833e-05 | U76: 0.0008567245 | W76: Intercept | X76: 0.00028448409 | Y76: 0.00029285108 | Z76: 0.97142921 | AA76: 0.33149027 | AB76: -0.00028995422 | AC76: 0.00085892241 | AD76: -0.00028995422 | AE76: 0.00085892241
A77: 0.010357732 | B77: 0.048043765 | C77: 0.0078972636 | D77: -0.0037271162 | E77: 0.027034663 | F77: -0.01509255 | G77: 0.027982354 | H77: 0.016720308 | I77: 0.010963163 | J77: 0.054707443 | K77: 0.0073137275 | M77: DJI | N77: 1.1295707 | O77: 0.02569737 | P77: 43.956665 | Q77: 2.0517829e-272 | R77: 1.0791643 | S77: 1.179977 | T77: 1.0791643 | U77: 1.179977 | W77: DJI | X77: 1.0434897 | Y77: 0.032117204 | Z77: 32.490055 | AA77: 5.2494976e-176 | AB77: 0.98049063 | AC77: 1.1064888 | AD77: 0.98049063 | AE77: 1.1064888
A78: -0.02676099 | B78: -0.024951663 | C78: -0.020568054 | D78: -0.014676213 | E78: -0.015994517 | F78: -0.0088977261 | G78: -0.021131798 | H78: -0.017501452 | I78: -0.027885338 | J78: -0.012866977 | K78: -0.014812894
A79: 0.0033603729 | B79: -0.0080341004 | C79: 0.021166877 | D79: 0.011098063 | E79: 0.00024673932 | F79: 0.029925238 | G79: 0.016099515 | H79: 0.013667066 | I79: 0.008366498 | J79: 0.042769901 | K79: 0.011781955 | M79: GOOG | W79: WFC
A80: -0.003252459 | B80: 0.02469754 | C80: -0.0024482954 | D80: 0.0017331266 | E80: 0.0065955608 | F80: 0.004842615 | G80: -0.0043212418 | H80: 0.0046962239 | I80: 0.0043461338 | J80: 0.016796894 | K80: 0.0034750347
A81: -0.0066231682 | B81: 0.046838367 | C81: 0.0089985798 | D81: 0.0083622225 | E81: 0.0008824337 | F81: -0.0014458313 | G81: 0.010849952 | H81: 0.00030150427 | I81: -0.0015735859 | J81: 0.0030733824 | K81: -0.0012569552 | M81: Regression Statistics | W81: Regression Statistics
A82: 0.0044556683 | B82: 0.023023872 | C82: -0.0053508776 | D82: 0.014011925 | E82: 0.0064812582 | F82: 0.0062741798 | G82: 0.024329101 | H82: -0.0021103186 | I82: -0.0074861865 | J82: -0.014936866 | K82: 0.0028286613 | M82: Multiple R | N82: 0.55392861 | W82: Multiple R | X82: 0.78009245
A83: -0.0025579515 | B83: 0.026150369 | C83: 0.00048906773 | D83: 0.014100408 | E83: 0.0034063331 | F83: 0.02446048 | G83: 0.011177158 | H83: 0.0049849207 | I83: 0.028185771 | J83: 0.0073872497 | K83: 0.00048460461 | M83: R Square | N83: 0.30683691 | W83: R Square | X83: 0.60854424
A84: -0.00071410741 | B84: 0.0022198543 | C84: -0.012167222 | D84: -0.0011123626 | E84: -0.0034432012 | F84: -0.016853979 | G84: -0.0037996704 | H84: -0.012926515 | I84: 0.0057914617 | J84: -0.0061751887 | K84: -0.0038658709 | M84: Adjusted R Square | N84: 0.30637756 | W84: Adjusted R Square | X84: 0.60828482
A85: -0.0084137979 | B85: -0.0062018692 | C85: -0.0083222983 | D85: 0.016425377 | E85: 0.0034227005 | F85: 0.0090476667 | G85: -0.017683794 | H85: 0.0083752597 | I85: 0.0088292637 | J85: 0.0073786429 | K85: -0.0011081934 | M85: Standard Error | N85: 0.013323978 | W85: Standard Error | X85: 0.0097923887
A86: -0.01395621 | B86: -0.01925645 | C86: -0.0031889778 | D86: -0.010408014 | E86: -0.007889102 | F86: 0.030674798 | G86: -0.0074125805 | H86: 0.0040772701 | I86: 0.014840131 | J86: 0.004626024 | K86: 0.00040849832 | M86: Observations | N86: 1511 | W86: Observations | X86: 1511
A87: 0.010631907 | B87: -0.025997636 | C87: -0.0074086462 | D87: -0.0027678518 | E87: 0.0021183323 | F87: -0.019688645 | G87: 0.007823571 | H87: 0.0069183167 | I87: 0.010498745 | J87: -0.004988464 | K87: 0.00055132395
A88: 0.017029444 | B88: 0.022398516 | C88: 0.006615666 | D88: 0.002220403 | E88: 0.00097564293 | F88: -0.0074731434 | G88: -0.0035285829 | H88: 0.013293494 | I88: 0.016326452 | J88: 0.001542573 | K88: 0.0057619594 | M88: ANOVA | W88: ANOVA
A89: 0.011119716 | B89: 0.010041068 | C89: 0.0011798508 | D89: 0.0049847781 | E89: 0.0074398432 | F89: 0.024470588 | G89: -0.0088526946 | H89: 0.0019163352 | I89: -0.013143409 | J89: 0.020833343 | K89: 0.0023604265 | N89: df | O89: SS | P89: MS | Q89: F | R89: Significance F | X89: df | Y89: SS | Z89: MS | AA89: F | AB89: Significance F
A90: 0.017487231 | B90: -0.0053321644 | C90: 0.030971163 | D90: 0.020391247 | E90: 0.006594929 | F90: 0.14377584 | G90: 0.035012488 | H90: 0.020744389 | I90: 0.0040694894 | J90: 0.037792892 | K90: 0.019590496 | M90: Regression | N90: 1 | O90: 0.11858486 | P90: 0.11858486 | Q90: 667.97685 | R90: 3.0113034e-122 | W90: Regression | X90: 1 | Y90: 0.22494482 | Z90: 0.22494482 | AA90: 2345.8417 | AB90: 0
A91: -0.0035818512 | B91: -0.011448256 | C91: 0.009142905 | D91: 0.0045909366 | E91: 0.001297467 | F91: -0.018473855 | G91: 0.027959984 | H91: 0.008936347 | I91: -0.0106853 | J91: 0.064093245 | K91: 0.00080807778 | M91: Residual | N91: 1509 | O91: 0.26789036 | P91: 0.0001775284 | W91: Residual | X91: 1509 | Y91: 0.14469933 | Z91: 9.5890876e-05
A92: 0.0046983694 | B92: 0.014705873 | C92: 0.0097071526 | D92: -0.0037634347 | E92: 0.0027036979 | F92: 0.022094885 | G92: 0.024513112 | H92: 0.0045714165 | I92: -0.0014897785 | J92: -0.0061601274 | K92: -0.0032541052 | M92: Total | N92: 1510 | O92: 0.38647522 | W92: Total | X92: 1510 | Y92: 0.36964415
A93: -0.0079718895 | B93: -0.010960145 | C93: -0.0060887712 | D93: -0.0053966705 | E93: -0.0031112381 | F93: -0.014011249 | G93: 0.0039330968 | H93: 0.010732613 | I93: 0.0052219826 | J93: -0.031336162 | K93: -0.0052678779
A94: 0.0061693288 | B94: 0.022895869 | C94: 0.019023029 | D94: 0.0035268781 | E94: -0.0031048698 | F94: 0.19204231 | G94: 0.11981718 | H94: 0.0070791477 | I94: -0.00037109523 | J94: 0.015997204 | K94: 0.00090687113 | N94: Coefficients | O94: Standard Error | P94: t Stat | Q94: P-value | R94: Lower 95% | S94: Upper 95% | T94: Lower 95.0% | U94: Upper 95.0% | X94: Coefficients | Y94: Standard Error | Z94: t Stat | AA94: P-value | AB94: Lower 95% | AC94: Upper 95% | AD94: Lower 95.0% | AE94: Upper 95.0%
A95: -0.0043392363 | B95: 0.021577545 | C95: -0.0050625054 | D95: -0.028656439 | E95: -0.0091350028 | F95: -0.044959127 | G95: -0.072011654 | H95: 0.009841199 | I95: -0.0096510579 | J95: -0.013645898 | K95: -0.0065105371 | M95: Intercept | N95: 0.00044716465 | O95: 0.0003431747 | P95: 1.3030233 | Q95: 0.19276558 | R95: -0.00022598533 | S95: 0.0011203146 | T95: -0.00022598533 | U95: 0.0011203146 | W95: Intercept | X95: 3.1818693e-05 | Y95: 0.00025221446 | Z95: 0.12615729 | AA95: 0.89962423 | AB95: -0.00046290939 | AC95: 0.00052654677 | AD95: -0.00046290939 | AE95: 0.00052654677
A96: -0.027222498 | B96: -0.030324269 | C96: -0.007473352 | D96: 0.05065406 | E96: -0.022521409 | F96: 0.064193971 | G96: -0.050895395 | H96: -0.011694343 | I96: -0.015367342 | J96: -0.023057795 | K96: -0.0080225765 | M96: DJI | N96: 0.97271782 | O96: 0.037636235 | P96: 25.845248 | Q96: 3.0113034e-122 | R96: 0.89889294 | S96: 1.0465427 | T96: 0.89889294 | U96: 1.0465427 | W96: DJI | X96: 1.3397083 | Y96: 0.027660555 | Z96: 48.43389 | AA96: 0 | AB96: 1.2854511 | AC96: 1.3939655 | AD96: 1.2854511 | AE96: 1.3939655
A97: -0.0032139265 | B97: -0.016630477 | C97: -0.0056071867 | D97: -0.013245045 | E97: -0.012962315 | F97: 0.032171548 | G97: 0.024495231 | H97: -0.0071840242 | I97: -0.0026645954 | J97: 0.0039941546 | K97: 0.00083891738
A98: -0.017750148 | B98: -0.047794162 | C98: -0.018205291 | D98: -0.0088590966 | E98: -0.019732303 | F98: -0.03668828 | G98: -0.028432974 | H98: -0.021850182 | I98: -0.0088326254 | J98: -0.016636516 | K98: -0.015931995
A99: -0.003614212 | B99: 0.032046333 | C99: -0.0021332735 | D99: 0.0081257616 | E99: -0.00029124846 | F99: -0.0060667341 | G99: 0.053874307 | H99: 0.0010153601 | I99: -0.0092987108 | J99: -0.012136792 | K99: -0.0014169837
A100: 0.026389378 | B100: 0.01141041 | C100: 0.015458118 | D100: 0.0096722369 | E100: 0.022294592 | F100: 0.013563886 | G100: 0.033133526 | H100: 0.018837795 | I100: 0.010559248 | J100: 0.024199524 | K100: 0.015747864
...

Sheet AAPL
A1: Date | B1: Open | C1: High | D1: Low | E1: Close | F1: Volume | G1: Adj Close | I1: Return Close | J1: Return Adj. Close | K1: Squared Deviation
A3: 6/30/10 | B3: 256.709988 | C3: 257.96999 | D3: 250.009995 | E3: 251.530003 | F3: 184863000 | G3: 33.075655
A4: 7/1/10 | B4: 254.299999 | C4: 254.800011 | D4: 243.220013 | E4: 248.48 | F4: 255724000 | G4: 32.674586 | I4: =(E4-E3)/E3 -> -0.012125802 | J4: =(G4-G3)/G3 -> -0.012125807 | K4: =(J4-$O$8)^2 -> 0.00016809384
A5: 7/2/10 | B5: 250.490005 | C5: 250.929989 | D5: 243.200012 | E5: 246.939991 | F5: 173460700 | G5: 32.472078 | I5: =(E5-E4)/E4 -> -0.0061977181 | J5: =(G5-G4)/G4 -> -0.006197722 | K5: =(J5-$O$8)^2 -> 4.9519593e-05
A6: 7/6/10 | B6: 251.000004 | C6: 252.799992 | D6: 246.16 | E6: 248.62999 | F6: 153808900 | G6: 32.694309 | I6: =(E6-E5)/E5 -> 0.0068437639 | J6: =(G6-G5)/G5 -> 0.0068437567 | K6: =(J6-$O$8)^2 -> 3.6053573e-05 | N6: Column1
A7: 7/7/10 | B7: 250.490005 | C7: 258.770008 | D7: 249.749989 | E7: 258.670006 | F7: 163639000 | G7: 34.01455 | I7: =(E7-E6)/E6 -> 0.040381355 | J7: =(G7-G6)/G6 -> 0.04038137 | K7: =(J7-$O$8)^2 -> 0.0015635758
A8: 7/8/10 | B8: 262.48 | C8: 262.900009 | D8: 254.889999 | E8: 258.089993 | F8: 184536100 | G8: 33.938279 | I8: =(E8-E7)/E7 -> -0.0022422894 | J8: =(G8-G7)/G7 -> -0.0022423051 | K8: =(J8-$O$8)^2 -> 9.4962528e-06 | N8: Mean | O8: 0.00083929393
A9: 7/9/10 | B9: 256.889992 | C9: 259.899994 | D9: 255.159992 | E9: 259.619987 | F9: 108330600 | G9: 34.139471 | I9: =(E9-E8)/E8 -> 0.0059281415 | J9: =(G9-G8)/G8 -> 0.0059281733 | K9: =(J9-$O$8)^2 -> 2.5896693e-05 | N9: Standard Error | O9: 0.0004248894 | Q9: Sharpe Ratio
A10: 7/12/10 | B10: 258.530003 | C10: 261.849998 | D10: 254.860012 | E10: 257.290001 | F10: 140719600 | G10: 33.833082 | I10: =(E10-E9)/E9 -> -0.0089746018 | J10: =(G10-G9)/G9 -> -0.0089746265 | K10: =(J10-$O$8)^2 -> 9.6313034e-05 | N10: Median | O10: 0.00063533441 | Q10: =(O8-0)/O12 -> 0.050816641
A11: 7/13/10 | B11: 256.319992 | C11: 256.399994 | D11: 246.429993 | E11: 251.799995 | F11: 297731000 | G11: 33.111158 | I11: =(E11-E10)/E10 -> -0.021337813 | J11: =(G11-G10)/G10 -> -0.021337814 | K11: =(J11-$O$8)^2 -> 0.0004918241 | N11: Mode | O11: #N/A
A12: 7/14/10 | B12: 249.379993 | C12: 255.800007 | D12: 249.000011 | E12: 252.730003 | F12: 203011900 | G12: 33.233452 | I12: =(E12-E11)/E11 -> 0.0036934393 | J12: =(G12-G11)/G11 -> 0.0036934377 | K12: =(J12-$O$8)^2 -> 8.1461368e-06 | N12: Standard Deviation | O12: 0.016516124
A13: 7/15/10 | B13: 248.230007 | C13: 256.969994 | D13: 247.299999 | E13: 251.450001 | F13: 206216500 | G13: 33.065135 | I13: =(E13-E12)/E12 -> -0.0050647014 | J13: =(G13-G12)/G12 -> -0.005064686 | K13: =(J13-$O$8)^2 -> 3.4856979e-05 | N13: Sample Variance | O13: 0.00027278234
A14: 7/16/10 | B14: 253.18 | C14: 254.970001 | D14: 248.410011 | E14: 249.900005 | F14: 259964600 | G14: 32.861314 | I14: =(E14-E13)/E13 -> -0.0061642314 | J14: =(G14-G13)/G13 -> -0.0061642271 | K14: =(J14-$O$8)^2 -> 4.9049306e-05 | N14: Kurtosis | O14: 4.4418
A15: 7/19/10 | B15: 249.880005 | C15: 249.880005 | D15: 239.60001 | E15: 245.580013 | F15: 256119500 | G15: 32.293244 | I15: =(E15-E14)/E14 -> -0.017286882 | J15: =(G15-G14)/G14 -> -0.017286892 | K15: =(J15-$O$8)^2 -> 0.00032855863 | N15: Skewness | O15: -0.1978243
A16: 7/20/10 | B16: 242.900005 | C16: 252.899994 | D16: 240.010006 | E16: 251.890011 | F16: 268737700 | G16: 33.122995 | I16: =(E16-E15)/E15 -> 0.025694265 | J16: =(G16-G15)/G15 -> 0.02569426 | K16: =(J16-$O$8)^2 -> 0.00061776933 | N16: Range | O16: 0.21229933
A17: 7/21/10 | B17: 265.089993 | C17: 265.149994 | D17: 253.999992 | E17: 254.239998 | F17: 296417800 | G17: 33.432013 | I17: =(E17-E16)/E16 -> 0.0093294172 | J17: =(G17-G16)/G16 -> 0.00932941 | K17: =(J17-$O$8)^2 -> 7.208207e-05 | N17: Minimum | O17: -0.12355796
A18: 7/22/10 | B18: 257.679996 | C18: 259.999996 | D18: 255.310009 | E18: 259.02 | F18: 161329700 | G18: 34.060574 | I18: =(E18-E17)/E17 -> 0.018801141 | J18: =(G18-G17)/G17 -> 0.018801171 | K18: =(J18-$O$8)^2 -> 0.00032262903 | N18: Maximum | O18: 0.088741367
A19: 7/23/10 | B19: 257.089996 | C19: 260.380005 | D19: 256.279991 | E19: 259.939995 | F19: 133347200 | G19: 34.181551 | I19: =(E19-E18)/E18 -> 0.00355183 | J19: =(G19-G18)/G18 -> 0.0035518192 | K19: =(J19-$O$8)^2 -> 7.3577932e-06 | N19: Sum | O19: 1.2681731
A20: 7/26/10 | B20: 259.999996 | C20: 260.099998 | D20: 257.710011 | E20: 259.280006 | F20: 105137900 | G20: 34.094764 | I20: =(E20-E19)/E19 -> -0.0025390052 | J20: =(G20-G19)/G19 -> -0.0025390012 | K20: =(J20-$O$8)^2 -> 1.1412878e-05 | N20: Count | O20: 1511
A21: 7/27/10 | B21: 260.870003 | C21: 264.799999 | D21: 260.300003 | E21: 264.080009 | F21: 146192900 | G21: 34.725954 | I21: =(E21-E20)/E20 -> 0.018512816 | J21: =(G21-G20)/G20 -> 0.018512813 | K21: =(J21-$O$8)^2 -> 0.00031235329 | N21: Confidence Level(095%) | O21: 0.00083343596
A22: 7/28/10 | B22: 263.669987 | C22: 265.990013 | D22: 260.249989 | E22: 260.959991 | F22: 129996300 | G22: 34.315678 | I22: =(E22-E21)/E21 -> -0.011814669 | J22: =(G22-G21)/G21 -> -0.011814679 | K22: =(J22-$O$8)^2 -> 0.00016012303
A23: 7/29/10 | B23: 260.709999 | C23: 262.64999 | D23: 256.099987 | E23: 258.109993 | F23: 160951700 | G23: 33.94091 | I23: =(E23-E22)/E22 -> -0.010921207 | J23: =(G23-G22)/G22 -> -0.010921189 | K23: =(J23-$O$8)^2 -> 0.00013830896
A24: 7/30/10 | B24: 255.889996 | C24: 259.699989 | D24: 254.900013 | E24: 257.25 | F24: 112052500 | G24: 33.827822 | I24: =(E24-E23)/E23 -> -0.0033318857 | J24: =(G24-G23)/G23 -> -0.0033319083 | K24: =(J24-$O$8)^2 -> 1.7398928e-05
A25: 8/2/10 | B25: 260.440006 | C25: 262.589989 | D25: 259.619987 | E25: 261.849998 | F25: 107013900 | G25: 34.432712 | I25: =(E25-E24)/E24 -> 0.017881431 | J25: =(G25-G24)/G24 -> 0.017881435 | K25: =(J25-$O$8)^2 -> 0.00029043457
A26: 8/3/10 | B26: 261.010006 | C26: 263.259991 | D26: 259.42001 | E26: 261.93 | F26: 104413400 | G26: 34.443232 | I26: =(E26-E25)/E25 -> 0.00030552607 | J26: =(G26-G25)/G25 -> 0.00030552342 | K26: =(J26-$O$8)^2 -> 2.8491096e-07
A27: 8/4/10 | B27: 262.840008 | C27: 264.279987 | D27: 260.30999 | E27: 262.980011 | F27: 105093800 | G27: 34.581306 | I27: =(E27-E26)/E26 -> 0.0040087466 | J27: =(G27-G26)/G26 -> 0.0040087411 | K27: =(J27-$O$8)^2 -> 1.0045395e-05
A28: 8/5/10 | B28: 261.729996 | C28: 263.179989 | D28: 260.549995 | E28: 261.700008 | F28: 72274300 | G28: 34.412989 | I28: =(E28-E27)/E27 -> -0.0048673015 | J28: =(G28-G27)/G27 -> -0.0048672829 | K28: =(J28-$O$8)^2 -> 3.2565019e-05
A29: 8/6/10 | B29: 259.779991 | C29: 261.48999 | D29: 257.630009 | E29: 260.090012 | F29: 111224400 | G29: 34.201278 | I29: =(E29-E28)/E28 -> -0.0061520671 | J29: =(G29-G28)/G28 -> -0.0061520666 | K29: =(J29-$O$8)^2 -> 4.8879122e-05
A30: 8/9/10 | B30: 261.480003 | C30: 262.150005 | D30: 259.57 | E30: 261.749996 | F30: 75782000 | G30: 34.419562 | I30: =(E30-E29)/E29 -> 0.0063823443 | J30: =(G30-G29)/G29 -> 0.0063823346 | K30: =(J30-$O$8)^2 -> 3.07253e-05
A31: 8/10/10 | B31: 259.850006 | C31: 260.449993 | D31: 257.550007 | E31: 259.409996 | F31: 112980000 | G31: 34.111857 | I31: =(E31-E30)/E30 -> -0.0089398282 | J31: =(G31-G30)/G30 -> -0.008939829 | K31: =(J31-$O$8)^2 -> 9.5631246e-05
A32: 8/11/10 | B32: 255.399998 | C32: 255.689991 | D32: 249.80999 | E32: 250.189999 | F32: 155013600 | G32: 32.899447 | I32: =(E32-E31)/E31 -> -0.035542181 | J32: =(G32-G31)/G31 -> -0.035542187 | K32: =(J32-$O$8)^2 -> 0.0013236122
A33: 8/12/10 | B33: 246.689999 | C33: 253.099998 | D33: 246.119999 | E33: 251.790009 | F33: 133730100 | G33: 33.109845 | I33: =(E33-E32)/E32 -> 0.0063951797 | J33: =(G33-G32)/G32 -> 0.0063951835 | K33: =(J33-$O$8)^2 -> 3.0867909e-05
... A1514: 6/30/16 | B1514: 94.440002 | C1514: 95.769997 | D1514: 94.300003 | E1514: 95.599998 | F1514: 35836400 | G1514: 95.599998 | I1514: =(E1514-E1513)/E1513 -> 0.012711822 | J1514: =(G1514-G1513)/G1513 -> 0.012711822 | K1514: =(J1514-$O$8)^2 -> 0.00014095692

Sheet BIDU
A1: Date | B1: Open | C1: High | D1: Low | E1: Close | F1: Volume | G1: Adj Close | I1: Return Close | J1: Return Adj. Close | K1: Squared Deviation
A3: 6/30/10 | B3: 67.980003 | C3: 70.349998 | D3: 67.68 | E3: 68.080002 | F3: 15191200 | G3: 68.080002
A4: 7/1/10 | B4: 69.349998 | C4: 69.879997 | D4: 65.900002 | E4: 68.550003 | F4: 11540100 | G4: 68.550003 | I4: =(E4-E3)/E3 -> 0.0069036573 | J4: =(G4-G3)/G3 -> 0.0069036573 | K4: =(J4-$O$8)^2 -> 3.6077572e-05
A5: 7/2/10 | B5: 69.379997 | C5: 69.410004 | D5: 67.160004 | E5: 67.550003 | F5: 6293500 | G5: 67.550003 | I5: =(E5-E4)/E4 -> -0.014587891 | J5: =(G5-G4)/G4 -> -0.014587891 | K5: =(J5-$O$8)^2 -> 0.00023978795
A6: 7/6/10 | B6: 69.199997 | C6: 70.059998 | D6: 66.849998 | E6: 67.449997 | F6: 9658200 | G6: 67.449997 | I6: =(E6-E5)/E5 -> -0.0014804737 | J6: =(G6-G5)/G5 -> -0.0014804737 | K6: =(J6-$O$8)^2 -> 5.6533151e-06 | N6: Column1
A7: 7/7/10 | B7: 67.519997 | C7: 72.440002 | D7: 67.25 | E7: 72.370003 | F7: 12808300 | G7: 72.370003 | I7: =(E7-E6)/E6 -> 0.072943013 | J7: =(G7-G6)/G6 -> 0.072943013 | K7: =(J7-$O$8)^2 -> 0.0051905997
A8: 7/8/10 | B8: 73.300003 | C8: 73.75 | D8: 71.099998 | E8: 72.43 | F8: 11403400 | G8: 72.43 | I8: =(E8-E7)/E7 -> 0.00082903133 | J8: =(G8-G7)/G7 -> 0.00082903133 | K8: =(J8-$O$8)^2 -> 4.6464823e-09 | N8: Mean | O8: 0.00089719644
A9: 7/9/10 | B9: 70.199997 | C9: 71.839996 | D9: 70.080002 | E9: 71.199997 | F9: 14945000 | G9: 71.199997 | I9: =(E9-E8)/E8 -> -0.016981955 | J9: =(G9-G8)/G8 -> -0.016981955 | K9: =(J9-$O$8)^2 -> 0.00031966406 | N9: Standard Error | O9: 0.00064161143 | Q9: Sharpe Ratio
A10: 7/12/10 | B10: 70.68 | C10: 71.779999 | D10: 70.349998 | E10: 70.730003 | F10: 8280100 | G10: 70.730003 | I10: =(E10-E9)/E9 -> -0.0066010396 | J10: =(G10-G9)/G9 -> -0.0066010396 | K10: =(J10-$O$8)^2 -> 5.6223544e-05 | N10: Median | O10: -0.00034749217 | Q10: =(O8-0)/O12 -> 0.035973543
A11: 7/13/10 | B11: 72.160004 | C11: 74.800003 | D11: 71.389999 | E11: 74.379997 | F11: 13455900 | G11: 74.379997 | I11: =(E11-E10)/E10 -> 0.051604607 | J11: =(G11-G10)/G10 -> 0.051604607 | K11: =(J11-$O$8)^2 -> 0.0025712415 | N11: Mode | O11: 0
A12: 7/14/10 | B12: 75.139999 | C12: 75.480003 | D12: 73.989998 | E12: 75.029999 | F12: 9501900 | G12: 75.029999 | I12: =(E12-E11)/E11 -> 0.0087389356 | J12: =(G12-G11)/G11 -> 0.0087389356 | K12: =(J12-$O$8)^2 -> 6.1492872e-05 | N12: Standard Deviation | O12: 0.024940452
A13: 7/15/10 | B13: 75.010002 | C13: 75.860001 | D13: 74.110001 | E13: 75.639999 | F13: 8528600 | G13: 75.639999 | I13: =(E13-E12)/E12 -> 0.0081300814 | J13: =(G13-G12)/G12 -> 0.0081300814 | K13: =(J13-$O$8)^2 -> 5.2314625e-05 | N13: Sample Variance | O13: 0.00062202616
A14: 7/16/10 | B14: 75.230003 | C14: 75.699997 | D14: 73.290001 | E14: 73.529999 | F14: 10384900 | G14: 73.529999 | I14: =(E14-E13)/E13 -> -0.027895294 | J14: =(G14-G13)/G13 -> -0.027895294 | K14: =(J14-$O$8)^2 -> 0.0008290075 | N14: Kurtosis | O14: 2.5986624
A15: 7/19/10 | B15: 71.669998 | C15: 73.389999 | D15: 70.379997 | E15: 72.900002 | F15: 15400600 | G15: 72.900002 | I15: =(E15-E14)/E14 -> -0.0085678908 | J15: =(G15-G14)/G14 -> -0.0085678908 | K15: =(J15-$O$8)^2 -> 8.9587876e-05 | N15: Skewness | O15: 0.093423081
A16: 7/20/10 | B16: 71.260002 | C16: 74.230003 | D16: 70.75 | E16: 74.040001 | F16: 9721000 | G16: 74.040001 | I16: =(E16-E15)/E15 -> 0.015637846 | J16: =(G16-G15)/G15 -> 0.015637846 | K16: =(J16-$O$8)^2 -> 0.00021728675 | N16: Range | O16: 0.26007184
A17: 7/21/10 | B17: 74.980003 | C17: 76.580002 | D17: 73 | E17: 73.309998 | F17: 18796800 | G17: 73.309998 | I17: =(E17-E16)/E16 -> -0.0098595758 | J17: =(G17-G16)/G16 -> -0.0098595758 | K17: =(J17-$O$8)^2 -> 0.00011570815 | N17: Minimum | O17: -0.14998986
A18: 7/22/10 | B18: 76.379997 | C18: 76.459999 | D18: 72.300003 | E18: 74.449997 | F18: 19747500 | G18: 74.449997 | I18: =(E18-E17)/E17 -> 0.015550389 | J18: =(G18-G17)/G17 -> 0.015550389 | K18: =(J18-$O$8)^2 -> 0.00021471606 | N18: Maximum | O18: 0.11008199
A19: 7/23/10 | B19: 75.400002 | C19: 78.220001 | D19: 74.5 | E19: 78.059998 | F19: 13308300 | G19: 78.059998 | I19: =(E19-E18)/E18 -> 0.048488934 | J19: =(G19-G18)/G18 -> 0.048488934 | K19: =(J19-$O$8)^2 -> 0.0022649735 | N19: Sum | O19: 1.3556638
A20: 7/26/10 | B20: 78.870003 | C20: 80.870003 | D20: 78.300003 | E20: 80.370003 | F20: 13939300 | G20: 80.370003 | I20: =(E20-E19)/E19 -> 0.029592686 | J20: =(G20-G19)/G19 -> 0.029592686 | K20: =(J20-$O$8)^2 -> 0.00082343111 | N20: Count | O20: 1511
A21: 7/27/10 | B21: 80.730003 | C21: 81.989998 | D21: 80.110001 | E21: 81.07 | F21: 10737400 | G21: 81.07 | I21: =(E21-E20)/E20 -> 0.0087096799 | J21: =(G21-G20)/G20 -> 0.0087096799 | K21: =(J21-$O$8)^2 -> 6.1034898e-05 | N21: Confidence Level(095%) | O21: 0.0012585441
A22: 7/28/10 | B22: 80.779999 | C22: 81.18 | D22: 78.879997 | E22: 79.400002 | F22: 7746700 | G22: 79.400002 | I22: =(E22-E21)/E21 -> -0.020599457 | J22: =(G22-G21)/G21 -> -0.020599457 | K22: =(J22-$O$8)^2 -> 0.00046210612
A23: 7/29/10 | B23: 80.089996 | C23: 80.459999 | D23: 77.639999 | E23: 79.199997 | F23: 9387900 | G23: 79.199997 | I23: =(E23-E22)/E22 -> -0.0025189546 | J23: =(G23-G22)/G22 -> -0.0025189546 | K23: =(J23-$O$8)^2 -> 1.1670088e-05
A24: 7/30/10 | B24: 79.400002 | C24: 81.550003 | D24: 78.300003 | E24: 81.410004 | F24: 12327800 | G24: 81.410004 | I24: =(E24-E23)/E23 -> 0.02790413 | J24: =(G24-G23)/G23 -> 0.02790413 | K24: =(J24-$O$8)^2 -> 0.00072937445
A25: 8/2/10 | B25: 83.029999 | C25: 84.980003 | D25: 82.900002 | E25: 84.599998 | F25: 13600000 | G25: 84.599998 | I25: =(E25-E24)/E24 -> 0.0391843 | J25: =(G25-G24)/G24 -> 0.0391843 | K25: =(J25-$O$8)^2 -> 0.0014659023
A26: 8/3/10 | B26: 84.620003 | C26: 85.349998 | D26: 82.800003 | E26: 84.790001 | F26: 10146900 | G26: 84.790001 | I26: =(E26-E25)/E25 -> 0.0022458984 | J26: =(G26-G25)/G25 -> 0.0022458984 | K26: =(J26-$O$8)^2 -> 1.818997e-06
A27: 8/4/10 | B27: 85.410004 | C27: 86.910004 | D27: 85.07 | E27: 86.599998 | F27: 11704500 | G27: 86.599998 | I27: =(E27-E26)/E26 -> 0.021346821 | J27: =(G27-G26)/G26 -> 0.021346821 | K27: =(J27-$O$8)^2 -> 0.00041818716
A28: 8/5/10 | B28: 86.260002 | C28: 86.459999 | D28: 84.849998 | E28: 85.57 | F28: 8026600 | G28: 85.57 | I28: =(E28-E27)/E27 -> -0.011893742 | J28: =(G28-G27)/G27 -> -0.011893742 | K28: =(J28-$O$8)^2 -> 0.0001636081
A29: 8/6/10 | B29: 84.639999 | C29: 86.599998 | D29: 84.330002 | E29: 86.529999 | F29: 8692300 | G29: 86.529999 | I29: =(E29-E28)/E28 -> 0.011218873 | J29: =(G29-G28)/G28 -> 0.011218873 | K29: =(J29-$O$8)^2 -> 0.00010653702
A30: 8/9/10 | B30: 87.449997 | C30: 88 | D30: 86.699997 | E30: 87.559998 | F30: 8792800 | G30: 87.559998 | I30: =(E30-E29)/E29 -> 0.011903375 | J30: =(G30-G29)/G29 -> 0.011903375 | K30: =(J30-$O$8)^2 -> 0.00012113596
A31: 8/10/10 | B31: 86.510002 | C31: 88.32 | D31: 85.620003 | E31: 87.870003 | F31: 9241200 | G31: 87.870003 | I31: =(E31-E30)/E30 -> 0.0035404866 | J31: =(G31-G30)/G30 -> 0.0035404866 | K31: =(J31-$O$8)^2 -> 6.9869829e-06
A32: 8/11/10 | B32: 85.75 | C32: 86.349998 | D32: 83.440002 | E32: 84.230003 | F32: 11797200 | G32: 84.230003 | I32: =(E32-E31)/E31 -> -0.041424831 | J32: =(G32-G31)/G31 -> -0.041424831 | K32: =(J32-$O$8)^2 -> 0.001791154
A33: 8/12/10 | B33: 81.849998 | C33: 84.110001 | D33: 80.099998 | E33: 82.650002 | F33: 12296600 | G33: 82.650002 | I33: =(E33-E32)/E32 -> -0.018758173 | J33: =(G33-G32)/G32 -> -0.018758173 | K33: =(J33-$O$8)^2 -> 0.00038633356
... A1514: 6/30/16 | B1514: 165.070007 | C1514: 165.259995 | D1514: 162.100006 | E1514: 165.149994 | F1514: 1809300 | G1514: 165.149994 | I1514: =(E1514-E1513)/E1513 -> 0.0045008818 | J1514: =(G1514-G1513)/G1513 -> 0.0045008818 | K1514: =(J1514-$O$8)^2 -> 1.2986548e-05

Sheet COP
A1: Date | B1: Open | C1: High | D1: Low | E1: Close | F1: Volume | G1: Adj Close | I1: Return Close | J1: Return Adj. Close | K1: Squared Deviation
A3: 6/30/10 | B3: 49.719965 | C3: 50.28996 | D3: 48.969958 | E3: 49.089961 | F3: 19329600 | G3: 29.174816
A4: 7/1/10 | B4: 49.239964 | C4: 49.569958 | D4: 48.059956 | E4: 48.869962 | F4: 18899300 | G4: 29.044067 | I4: =(E4-E3)/E3 -> -0.0044815477 | J4: =(G4-G3)/G3 -> -0.0044815707 | K4: =(J4-$O$8)^2 -> 2.3857265e-05
A5: 7/2/10 | B5: 49.169967 | C5: 49.359967 | D5: 48.409957 | E5: 48.819956 | F5: 9494200 | G5: 29.014348 | I5: =(E5-E4)/E4 -> -0.0010232461 | J5: =(G5-G4)/G4 -> -0.0010232382 | K5: =(J5-$O$8)^2 -> 2.03364e-06
A6: 7/6/10 | B6: 49.969964 | C6: 50.249967 | D6: 48.609965 | E6: 49.199956 | F6: 20722400 | G6: 29.240187 | I6: =(E6-E5)/E5 -> 0.0077837022 | J6: =(G6-G5)/G5 -> 0.0077837007 | K6: =(J6-$O$8)^2 -> 5.4477411e-05 | N6: Column1
A7: 7/7/10 | B7: 49.269968 | C7: 51.259966 | D7: 49.269968 | E7: 51.159965 | F7: 15830600 | G7: 30.405046 | I7: =(E7-E6)/E6 -> 0.039837617 | J7: =(G7-G6)/G6 -> 0.039837604 | K7: =(J7-$O$8)^2 -> 0.0015551023
A8: 7/8/10 | B8: 52.159955 | C8: 52.169954 | D8: 50.959957 | E8: 51.549963 | F8: 11443900 | G8: 30.636827 | I8: =(E8-E7)/E7 -> 0.0076231092 | J8: =(G8-G7)/G7 -> 0.0076231097 | K8: =(J8-$O$8)^2 -> 5.2132594e-05 | N8: Mean | O8: 0.00040281925
A9: 7/9/10 | B9: 51.649959 | C9: 52.469958 | D9: 51.39996 | E9: 52.299965 | F9: 11313200 | G9: 31.082563 | I9: =(E9-E8)/E8 -> 0.014549031 | J9: =(G9-G8)/G8 -> 0.014549026 | K9: =(J9-$O$8)^2 -> 0.00020011517 | N9: Standard Error | O9: 0.00043124771 | Q9: Sharpe Ratio
A10: 7/12/10 | B10: 52.039958 | C10: 52.639957 | D10: 51.77996 | E10: 52.099956 | F10: 12374900 | G10: 30.963696 | I10: =(E10-E9)/E9 -> -0.0038242664 | J10: =(G10-G9)/G9 -> -0.0038242342 | K10: =(J10-$O$8)^2 -> 1.7867981e-05 | N10: Median | O10: 0.00044652962 | Q10: =(O8-0)/O12 -> 0.024029856
A11: 7/13/10 | B11: 52.889956 | C11: 53.649956 | D11: 52.689958 | E11: 53.219965 | F11: 11283200 | G11: 31.629332 | I11: =(E11-E10)/E10 -> 0.021497312 | J11: =(G11-G10)/G10 -> 0.021497304 | K11: =(J11-$O$8)^2 -> 0.00044497731 | N11: Mode | O11: 0
A12: 7/14/10 | B12: 53.089964 | C12: 53.459956 | D12: 52.469958 | E12: 52.799952 | F12: 10444800 | G12: 31.379713 | I12: =(E12-E11)/E11 -> -0.0078920195 | J12: =(G12-G11)/G11 -> -0.0078920099 | K12: =(J12-$O$8)^2 -> 6.880419e-05 | N12: Standard Deviation | O12: 0.016763281
A13: 7/15/10 | B13: 52.739963 | C13: 53.029965 | D13: 52.059959 | E13: 52.859956 | F13: 9567500 | G13: 31.415374 | I13: =(E13-E12)/E12 -> 0.0011364404 | J13: =(G13-G12)/G12 -> 0.0011364349 | K13: =(J13-$O$8)^2 -> 5.3819188e-07 | N13: Sample Variance | O13: 0.0002810076
A14: 7/16/10 | B14: 52.599959 | C14: 52.799952 | D14: 51.599954 | E14: 51.849958 | F14: 11406400 | G14: 30.815118 | I14: =(E14-E13)/E13 -> -0.019107053 | J14: =(G14-G13)/G13 -> -0.019107078 | K14: =(J14-$O$8)^2 -> 0.00038063609 | N14: Kurtosis | O14: 3.388184
A15: 7/19/10 | B15: 52.199953 | C15: 52.279958 | D15: 51.489959 | E15: 51.839959 | F15: 9327000 | G15: 30.809176 | I15: =(E15-E14)/E14 -> -0.0001928449 | J15: =(G15-G14)/G14 -> -0.00019282743 | K15: =(J15-$O$8)^2 -> 3.5479496e-07 | N15: Skewness | O15: -0.24042933
A16: 7/20/10 | B16: 50.999954 | C16: 52.859956 | D16: 50.799961 | E16: 52.659958 | F16: 12506700 | G16: 31.296512 | I16: =(E16-E15)/E15 -> 0.015817894 | J16: =(G16-G15)/G15 -> 0.015817885 | K16: =(J16-$O$8)^2 -> 0.00023762425 | N16: Range | O16: 0.15850566
A17: 7/21/10 | B17: 53.079956 | C17: 53.129962 | D17: 51.649959 | E17: 52.119963 | F17: 11407400 | G17: 30.975586 | I17: =(E17-E16)/E16 -> -0.010254376 | J17: =(G17-G16)/G16 -> -0.01025437 | K17: =(J17-$O$8)^2 -> 0.00011357567 | N17: Minimum | O17: -0.092115684
A18: 7/22/10 | B18: 52.789959 | C18: 53.889961 | D18: 52.56996 | E18: 53.269956 | F18: 11721700 | G18: 31.659042 | I18: =(E18-E17)/E17 -> 0.022064348 | J18: =(G18-G17)/G17 -> 0.022064344 | K18: =(J18-$O$8)^2 -> 0.00046922168 | N18: Maximum | O18: 0.06638998
A19: 7/23/10 | B19: 53.229958 | C19: 53.859957 | D19: 52.759955 | E19: 53.78996 | F19: 10457800 | G19: 31.968087 | I19: =(E19-E18)/E18 -> 0.009761675 | J19: =(G19-G18)/G18 -> 0.0097616662 | K19: =(J19-$O$8)^2 -> 8.7588016e-05 | N19: Sum | O19: 0.60865988
A20: 7/26/10 | B20: 53.989958 | C20: 54.70996 | D20: 53.769959 | E20: 54.429957 | F20: 8437900 | G20: 32.348446 | I20: =(E20-E19)/E19 -> 0.011898075 | J20: =(G20-G19)/G19 -> 0.011898084 | K20: =(J20-$O$8)^2 -> 0.00013214112 | N20: Count | O20: 1511
A21: 7/27/10 | B21: 54.729962 | C21: 54.949951 | D21: 54.119954 | E21: 54.439955 | F21: 10823000 | G21: 32.354388 | I21: =(E21-E20)/E20 -> 0.00018368561 | J21: =(G21-G20)/G20 -> 0.00018368734 | K21: =(J21-$O$8)^2 -> 4.8018792e-08 | N21: Confidence Level(095%) | O21: 0.00084590802
A22: 7/28/10 | B22: 55.019963 | C22: 55.19995 | D22: 53.809951 | E22: 54.439955 | F22: 14859400 | G22: 32.354388 | I22: =(E22-E21)/E21 -> 0 | J22: =(G22-G21)/G21 -> 0 | K22: =(J22-$O$8)^2 -> 1.6226334e-07
A23: 7/29/10 | B23: 54.679961 | C23: 55.549951 | D23: 54.119954 | E23: 54.559958 | F23: 14933200 | G23: 32.756641 | I23: =(E23-E22)/E22 -> 0.0022043185 | J23: =(G23-G22)/G22 -> 0.012432719 | K23: =(J23-$O$8)^2 -> 0.00014471848
A24: 7/30/10 | B24: 54.099963 | C24: 55.76995 | D24: 53.889961 | E24: 55.219956 | F24: 15913200 | G24: 33.15289 | I24: =(E24-E23)/E23 -> 0.012096747 | J24: =(G24-G23)/G23 -> 0.012096753 | K24: =(J24-$O$8)^2 -> 0.00013674809
A25: 8/2/10 | B25: 55.999963 | C25: 57.699959 | D25: 55.919952 | E25: 57.529956 | F25: 17988000 | G25: 34.539765 | I25: =(E25-E24)/E24 -> 0.041832703 | J25: =(G25-G24)/G24 -> 0.041832703 | K25: =(J25-$O$8)^2 -> 0.0017164353
A26: 8/3/10 | B26: 56.869952 | C26: 57.889959 | D26: 56.799955 | E26: 57.559955 | F26: 12997800 | G26: 34.557776 | I26: =(E26-E25)/E25 -> 0.00052145008 | J26: =(G26-G25)/G25 -> 0.00052145694 | K26: =(J26-$O$8)^2 -> 1.4074901e-08
A27: 8/4/10 | B27: 57.549957 | C27: 58.029953 | D27: 57.049959 | E27: 57.419961 | F27: 13312800 | G27: 34.473726 | I27: =(E27-E26)/E26 -> -0.0024321423 | J27: =(G27-G26)/G26 -> -0.0024321588 | K27: =(J27-$O$8)^2 -> 8.0371007e-06
A28: 8/5/10 | B28: 56.999953 | C28: 57.819952 | D28: 56.87996 | E28: 57.699959 | F28: 11103600 | G28: 34.641832 | I28: =(E28-E27)/E27 -> 0.0048763182 | J28: =(G28-G27)/G27 -> 0.0048763513 | K28: =(J28-$O$8)^2 -> 2.0012489e-05
A29: 8/6/10 | B29: 57.039961 | C29: 57.539949 | D29: 56.239953 | E29: 56.929956 | F29: 12876900 | G29: 34.179538 | I29: =(E29-E28)/E28 -> -0.013344949 | J29: =(G29-G28)/G28 -> -0.013344964 | K29: =(J29-$O$8)^2 -> 0.00018900154
A30: 8/9/10 | B30: 57.249952 | C30: 57.569948 | D30: 57.089952 | E30: 57.309951 | F30: 8365100 | G30: 34.407679 | I30: =(E30-E29)/E29 -> 0.0066747812 | J30: =(G30-G29)/G29 -> 0.006674783 | K30: =(J30-$O$8)^2 -> 3.933753e-05
A31: 8/10/10 | B31: 56.519952 | C31: 57.279952 | D31: 56.319959 | E31: 56.869952 | F31: 12286600 | G31: 34.143513 | I31: =(E31-E30)/E30 -> -0.0076775323 | J31: =(G31-G30)/G30 -> -0.0076775304 | K31: =(J31-$O$8)^2 -> 6.529205e-05
A32: 8/11/10 | B32: 55.95995 | C32: 55.999963 | D32: 55.19995 | E32: 55.509953 | F32: 13870600 | G32: 33.326998 | I32: =(E32-E31)/E31 -> -0.023914193 | J32: =(G32-G31)/G31 -> -0.023914206 | K32: =(J32-$O$8)^2 -> 0.00059131771
A33: 8/12/10 | B33: 54.939958 | C33: 55.639954 | D33: 54.599951 | E33: 55.349957 | F33: 10271300 | G33: 33.23094 | I33: =(E33-E32)/E32 -> -0.0028822939 | J33: =(G33-G32)/G32 -> -0.0028822878 | K33: =(J33-$O$8)^2 -> 1.0791928e-05
... A1514: 6/30/16 | B1514: 43.720001 | C1514: 44.119999 | D1514: 43.209999 | E1514: 43.599998 | F1514: 9342200 | G1514: 43.34066 | I1514: =(E1514-E1513)/E1513 -> -0.0070599408 | J1514: =(G1514-G1513)/G1513 -> -0.0070599392 | K1514: =(J1514-$O$8)^2 -> 5.5692763e-05

Sheet DIS
A1: Date | B1: Open | C1: High | D1: Low | E1: Close | F1: Volume | G1: Adj Close | I1: Return Close | J1: Return Adj. Close | K1: Squared Deviation
A3: 6/30/10 | B3: 32.16 | C3: 32.509998 | D3: 31.360001 | E3: 31.5 | F3: 17186400 | G3: 28.872496
A4: 7/1/10 | B4: 31.469999 | C4: 32.099998 | D4: 30.91 | E4: 31.49 | F4: 19906200 | G4: 28.86333 | I4: =(E4-E3)/E3 -> -0.00031746032 | J4: =(G4-G3)/G3 -> -0.00031746476 | K4: =(J4-$O$8)^2 -> 1.4766495e-06
A5: 7/2/10 | B5: 31.559999 | C5: 31.68 | D5: 30.719999 | E5: 31.379999 | F5: 15597300 | G5: 28.762505 | I5: =(E5-E4)/E4 -> -0.0034932042 | J5: =(G5-G4)/G4 -> -0.0034931867 | K5: =(J5-$O$8)^2 -> 1.9279973e-05
A6: 7/6/10 | B6: 31.77 | C6: 32.299999 | D6: 31.379999 | E6: 31.719999 | F6: 15215500 | G6: 29.074145 | I6: =(E6-E5)/E5 -> 0.010834927 | J6: =(G6-G5)/G5 -> 0.010834939 | K6: =(J6-$O$8)^2 -> 9.8748531e-05 | N6: Column1
A7: 7/7/10 | B7: 31.73 | C7: 33.169998 | D7: 31.66 | E7: 33.139999 | F7: 14309500 | G7: 30.375698 | I7: =(E7-E6)/E6 -> 0.04476671 | J7: =(G7-G6)/G6 -> 0.044766682 | K7: =(J7-$O$8)^2 -> 0.0019244867
A8: 7/8/10 | B8: 33.330002 | C8: 33.540001 | D8: 32.900002 | E8: 33.34 | F8: 10044000 | G8: 30.559017 | I8: =(E8-E7)/E7 -> 0.0060350334 | J8: =(G8-G7)/G7 -> 0.0060350547 | K8: =(J8-$O$8)^2 -> 2.6392312e-05 | N8: Mean | O8: 0.0008977099
A9: 7/9/10 | B9: 33.380001 | C9: 33.799999 | D9: 33.369999 | E9: 33.75 | F9: 8530900 | G9: 30.934817 | I9: =(E9-E8)/E8 -> 0.01229754 | J9: =(G9-G8)/G8 -> 0.012297516 | K9: =(J9-$O$8)^2 -> 0.00012995558 | N9: Standard Error | O9: 0.00035330514 | Q9: Sharpe Ratio
A10: 7/12/10 | B10: 33.580002 | C10: 33.889999 | D10: 33.389999 | E10: 33.77 | F10: 10094300 | G10: 30.953149 | I10: =(E10-E9)/E9 -> 0.00059259259 | J10: =(G10-G9)/G9 -> 0.00059260089 | K10: =(J10-$O$8)^2 -> 9.309151e-08 | N10: Median | O10: 0.0012436443 | Q10: =(O8-0)/O12 -> 0.065366289
A11: 7/13/10 | B11: 34.110001 | C11: 34.669998 | D11: 33.959999 | E11: 34.450001 | F11: 8653000 | G11: 31.576429 | I11: =(E11-E10)/E10 -> 0.020136245 | J11: =(G11-G10)/G10 -> 0.020136239 | K11: =(J11-$O$8)^2 -> 0.00037012099 | N11: Mode | O11: 0
A12: 7/14/10 | B12: 34.240002 | C12: 34.509998 | D12: 33.919998 | E12: 34.240002 | F12: 7955100 | G12: 31.383946 | I12: =(E12-E11)/E11 -> -0.0060957618 | J12: =(G12-G11)/G11 -> -0.0060957811 | K12: =(J12-$O$8)^2 -> 4.8908917e-05 | N12: Standard Deviation | O12: 0.01373353
A13: 7/15/10 | B13: 34.150002 | C13: 34.419998 | D13: 33.599998 | E13: 34.049999 | F13: 10656300 | G13: 31.209793 | I13: =(E13-E12)/E12 -> -0.0055491527 | J13: =(G13-G12)/G12 -> -0.005549111 | K13: =(J13-$O$8)^2 -> 4.15615e-05 | N13: Sample Variance | O13: 0.00018860985
A14: 7/16/10 | B14: 33.889999 | C14: 34 | D14: 32.919998 | E14: 33.029999 | F14: 13060100 | G14: 30.274873 | I14: =(E14-E13)/E13 -> -0.029955948 | J14: =(G14-G13)/G13 -> -0.029955982 | K14: =(J14-$O$8)^2 -> 0.00095195031 | N14: Kurtosis | O14: 5.1903518
A15: 7/19/10 | B15: 33.09 | C15: 33.5 | D15: 32.990002 | E15: 33.310001 | F15: 9647000 | G15: 30.53152 | I15: =(E15-E14)/E14 -> 0.0084772028 | J15: =(G15-G14)/G14 -> 0.008477228 | K15: =(J15-$O$8)^2 -> 5.7449094e-05 | N15: Skewness | O15: -0.44064661
A16: 7/20/10 | B16: 33.330002 | C16: 33.450001 | D16: 32.799999 | E16: 33.400002 | F16: 11632000 | G16: 30.614013 | I16: =(E16-E15)/E15 -> 0.0027019213 | J16: =(G16-G15)/G15 -> 0.0027018963 | K16: =(J16-$O$8)^2 -> 3.2550885e-06 | N16: Range | O16: 0.16801028
A17: 7/21/10 | B17: 33.470001 | C17: 33.599998 | D17: 32.630001 | E17: 32.810001 | F17: 10151100 | G17: 30.073226 | I17: =(E17-E16)/E16 -> -0.0176647 | J17: =(G17-G16)/G16 -> -0.017664688 | K17: =(J17-$O$8)^2 -> 0.00034456263 | N17: Minimum | O17: -0.091708467
A18: 7/22/10 | B18: 33.09 | C18: 33.77 | D18: 33.049999 | E18: 33.59 | F18: 9984500 | G18: 30.788163 | I18: =(E18-E17)/E17 -> 0.023773209 | J18: =(G18-G17)/G17 -> 0.023773206 | K18: =(J18-$O$8)^2 -> 0.00052328833 | N18: Maximum | O18: 0.076301815
A19: 7/23/10 | B19: 33.52 | C19: 34.209999 | D19: 33.450001 | E19: 34.130001 | F19: 10790200 | G19: 31.283121 | I19: =(E19-E18)/E18 -> 0.016076243 | J19: =(G19-G18)/G18 -> 0.016076243 | K19: =(J19-$O$8)^2 -> 0.00023038788 | N19: Sum | O19: 1.3564397
A20: 7/26/10 | B20: 34.09 | C20: 34.720001 | D20: 34.09 | E20: 34.400002 | F20: 10104400 | G20: 31.5306 | I20: =(E20-E19)/E19 -> 0.0079109579 | J20: =(G20-G19)/G19 -> 0.0079109434 | K20: =(J20-$O$8)^2 -> 4.9185444e-05 | N20: Count | O20: 1511
A21: 7/27/10 | B21: 34.66 | C21: 34.66 | D21: 33.959999 | E21: 34.279999 | F21: 7103000 | G21: 31.420607 | I21: =(E21-E20)/E20 -> -0.0034884591 | J21: =(G21-G20)/G20 -> -0.0034884525 | K21: =(J21-$O$8)^2 -> 1.923842e-05 | N21: Confidence Level(095%) | O21: 0.00069302084
A22: 7/28/10 | B22: 34.189999 | C22: 34.209999 | D22: 33.799999 | E22: 34.040001 | F22: 6089200 | G22: 31.200628 | I22: =(E22-E21)/E21 -> -0.0070011087 | J22: =(G22-G21)/G21 -> -0.007001106 | K22: =(J22-$O$8)^2 -> 6.2391293e-05
A23: 7/29/10 | B23: 34.220001 | C23: 34.799999 | D23: 33.419998 | E23: 33.709999 | F23: 9938400 | G23: 30.898153 | I23: =(E23-E22)/E22 -> -0.0096945356 | J23: =(G23-G22)/G22 -> -0.0096945164 | K23: =(J23-$O$8)^2 -> 0.00011219526
A24: 7/30/10 | B24: 33.369999 | C24: 33.880001 | D24: 33.02 | E24: 33.689999 | F24: 7805000 | G24: 30.879821 | I24: =(E24-E23)/E23 -> -0.00059329578 | J24: =(G24-G23)/G23 -> -0.00059330407 | K24: =(J24-$O$8)^2 -> 2.2231227e-06
A25: 8/2/10 | B25: 34.139999 | C25: 34.68 | D25: 34.130001 | E25: 34.48 | F25: 9948800 | G25: 31.603925 | I25: =(E25-E24)/E24 -> 0.023449125 | J25: =(G25-G24)/G24 -> 0.0234491 | K25: =(J25-$O$8)^2 -> 0.00050856518
A26: 8/3/10 | B26: 34.439999 | C26: 34.549999 | D26: 34.02 | E26: 34.209999 | F26: 8503300 | G26: 31.356446 | I26: =(E26-E25)/E25 -> -0.0078306555 | J26: =(G26-G25)/G25 -> -0.0078306413 | K26: =(J26-$O$8)^2 -> 7.6184114e-05
A27: 8/4/10 | B27: 34.41 | C27: 34.959999 | D27: 34.139999 | E27: 34.830002 | F27: 9840700 | G27: 31.924733 | I27: =(E27-E26)/E26 -> 0.018123444 | J27: =(G27-G26)/G26 -> 0.018123451 | K27: =(J27-$O$8)^2 -> 0.00029672614
A28: 8/5/10 | B28: 34.68 | C28: 35.049999 | D28: 34.560001 | E28: 34.98 | F28: 8407300 | G28: 32.062219 | I28: =(E28-E27)/E27 -> 0.0043065745 | J28: =(G28-G27)/G27 -> 0.0043065669 | K28: =(J28-$O$8)^2 -> 1.1620306e-05
A29: 8/6/10 | B29: 34.580002 | C29: 35.09 | D29: 34.389999 | E29: 35 | F29: 8061700 | G29: 32.080551 | I29: =(E29-E28)/E28 -> 0.00057175529 | J29: =(G29-G28)/G28 -> 0.0005717633 | K29: =(J29-$O$8)^2 -> 1.0624119e-07
A30: 8/9/10 | B30: 34.959999 | C30: 35.23 | D30: 34.900002 | E30: 35.16 | F30: 7809300 | G30: 32.227205 | I30: =(E30-E29)/E29 -> 0.0045714286 | J30: =(G30-G29)/G29 -> 0.0045714302 | K30: =(J30-$O$8)^2 -> 1.3496221e-05
A31: 8/10/10 | B31: 34.889999 | C31: 35.41 | D31: 34.73 | E31: 35.290001 | F31: 12353400 | G31: 32.346362 | I31: =(E31-E30)/E30 -> 0.0036974118 | J31: =(G31-G30)/G30 -> 0.0036974041 | K31: =(J31-$O$8)^2 -> 7.8382876e-06
A32: 8/11/10 | B32: 34.77 | C32: 34.77 | D32: 34.130001 | E32: 34.220001 | F32: 15028900 | G32: 31.365614 | I32: =(E32-E31)/E31 -> -0.030320203 | J32: =(G32-G31)/G31 -> -0.030320195 | K32: =(J32-$O$8)^2 -> 0.00097455758
A33: 8/12/10 | B33: 33.849998 | C33: 34.299999 | D33: 33.709999 | E33: 33.990002 | F33: 11809600 | G33: 31.1548 | I33: =(E33-E32)/E32 -> -0.0067211862 | J33: =(G33-G32)/G32 -> -0.006721182 | K33: =(J33-$O$8)^2 -> 5.8047514e-05
... A1514: 6/30/16 | B1514: 97.099998 | C1514: 98.07 | D1514: 96.879997 | E1514: 97.82 | F1514: 7189500 | G1514: 97.114541 | I1514: =(E1514-E1513)/E1513 -> 0.0086615485 | J1514: =(G1514-G1513)/G1513 -> 0.0086615369 | K1514: =(J1514-$O$8)^2 -> 6.027701e-05

Sheet GOOG
A1: Date | B1: Open | C1: High | D1: Low | E1: Close | F1: Volume | G1: Adj Close | I1: Return Close | J1: Return Adj. Close | K1: Squared Deviation
A3: 6/30/10 | B3: 454.960792 | C3: 457.830797 | D3: 444.720753 | E3: 444.950769 | F3: 7233400 | G3: 222.253131
A4: 7/1/10 | B4: 445.290754 | C4: 448.400761 | D4: 433.630737 | E4: 439.490765 | F4: 7053500 | G4: 219.525857 | I4: =(E4-E3)/E3 -> -0.012271029 | J4: =(G4-G3)/G3 -> -0.012271026 | K4: =(J4-$O$8)^2 -> 0.00017290351
A5: 7/2/10 | B5: 441.620762 | C5: 442.28076 | D5: 436.000737 | E5: 436.550735 | F5: 3886400 | G5: 218.05731 | I5: =(E5-E4)/E4 -> -0.0066896286 | J5: =(G5-G4)/G4 -> -0.0066896311 | K5: =(J5-$O$8)^2 -> 5.7272847e-05
A6: 7/6/10 | B6: 444.000748 | C6: 447.67077 | D6: 433.630737 | E6: 436.070761 | F6: 5139300 | G6: 217.817563 | I6: =(E6-E5)/E5 -> -0.001099469 | J6: =(G6-G5)/G5 -> -0.0010994678 | K6: =(J6-$O$8)^2 -> 3.9113739e-06 | N6: Column1
A7: 7/7/10 | B7: 438.310758 | C7: 451.29077 | D7: 435.380745 | E7: 450.20076 | F7: 6282800 | G7: 224.875504 | I7: =(E7-E6)/E6 -> 0.032402996 | J7: =(G7-G6)/G6 -> 0.032402993 | K7: =(J7-$O$8)^2 -> 0.00099380933
A8: 7/8/10 | B8: 453.550769 | C8: 457.330791 | D8: 449.660779 | E8: 456.560794 | F8: 5357700 | G8: 228.052345 | I8: =(E8-E7)/E7 -> 0.014127106 | J8: =(G8-G7)/G7 -> 0.01412711 | K8: =(J8-$O$8)^2 -> 0.00017553225 | N8: Mean | O8: 0.00087825152
A9: 7/9/10 | B9: 471.960796 | C9: 473.260819 | D9: 462.780778 | E9: 467.490788 | F9: 8695400 | G9: 233.511882 | I9: =(E9-E8)/E8 -> 0.023939844 | J9: =(G9-G8)/G8 -> 0.023939842 | K9: =(J9-$O$8)^2 -> 0.00053183693 | N9: Standard Error | O9: 0.0004115666 | Q9: Sharpe Ratio
A10: 7/12/10 | B10: 472.370806 | C10: 479.440828 | D10: 471.080799 | E10: 475.830815 | F10: 6693700 | G10: 237.67773 | I10: =(E10-E9)/E9 -> 0.017839981 | J10: =(G10-G9)/G9 -> 0.017839983 | K10: =(J10-$O$8)^2 -> 0.00028770033 | N10: Median | O10: 0.00043713641 | Q10: =(O8-0)/O12 -> 0.05489674
A11: 7/13/10 | B11: 482.250826 | C11: 492.99084 | D11: 480.28082 | E11: 489.200833 | F11: 7982300 | G11: 244.35606 | I11: =(E11-E10)/E10 -> 0.02809826 | J11: =(G11-G10)/G10 -> 0.028098257 | K11: =(J11-$O$8)^2 -> 0.00074092871 | N11: Mode | O11: #N/A
A12: 7/14/10 | B12: 489.880833 | C12: 493.830832 | D12: 486.460829 | E12: 491.340847 | F12: 6259300 | G12: 245.424998 | I12: =(E12-E11)/E11 -> 0.0043745101 | J12: =(G12-G11)/G11 -> 0.0043745099 | K12: =(J12-$O$8)^2 -> 1.2223823e-05 | N12: Standard Deviation | O12: 0.015998245
A13: 7/15/10 | B13: 491.730854 | C13: 494.700842 | D13: 482.680838 | E13: 494.020842 | F13: 9752800 | G13: 246.763657 | I13: =(E13-E12)/E12 -> 0.0054544519 | J13: =(G13-G12)/G12 -> 0.0054544525 | K13: =(J13-$O$8)^2 -> 2.0941616e-05 | N13: Sample Variance | O13: 0.00025594385
A14: 7/16/10 | B14: 469.12081 | C14: 470.560821 | D14: 459.520797 | E14: 459.610793 | F14: 15708200 | G14: 229.575821 | I14: =(E14-E13)/E13 -> -0.069653031 | J14: =(G14-G13)/G13 -> -0.069653028 | K14: =(J14-$O$8)^2 -> 0.0049746614 | N14: Kurtosis | O14: 16.335543
A15: 7/19/10 | B15: 461.010799 | C15: 469.650805 | D15: 457.520771 | E15: 466.18081 | F15: 9134700 | G15: 232.857547 | I15: =(E15-E14)/E14 -> 0.01429474 | J15: =(G15-G14)/G14 -> 0.014294737 | K15: =(J15-$O$8)^2 -> 0.00018000208 | N15: Skewness | O15: 1.3625094
A16: 7/20/10 | B16: 461.030802 | C16: 482.990834 | D16: 460.60079 | E16: 481.590829 | F16: 8139300 | G16: 240.554859 | I16: =(E16-E15)/E15 -> 0.033055884 | J16: =(G16-G15)/G15 -> 0.033055884 | K16: =(J16-$O$8)^2 -> 0.0010354 | N16: Range | O16: 0.24429938
A17: 7/21/10 | B17: 484.000833 | C17: 485.700818 | D17: 475.430822 | E17: 477.500811 | F17: 6583700 | G17: 238.511894 | I17: =(E17-E16)/E16 -> -0.008492724 | J17: =(G17-G16)/G16 -> -0.0084927197 | K17: =(J17-$O$8)^2 -> 8.7815102e-05 | N17: Minimum | O17: -0.083775073
A18: 7/22/10 | B18: 483.230836 | C18: 488.980834 | D18: 482.480842 | E18: 484.810836 | F18: 4311400 | G18: 242.163255 | I18: =(E18-E17)/E17 -> 0.015308927 | J18: =(G18-G17)/G17 -> 0.015308926 | K18: =(J18-$O$8)^2 -> 0.00020824437 | N18: Maximum | O18: 0.16052431
A19: 7/23/10 | B19: 480.770809 | C19: 490.590852 | D19: 480.010829 | E19: 490.060827 | F19: 4545700 | G19: 244.785628 | I19: =(E19-E18)/E18 -> 0.010828947 | J19: =(G19-G18)/G18 -> 0.010828947 | K19: =(J19-$O$8)^2 -> 9.9016336e-05 | N19: Sum | O19: 1.327038
A20: 7/26/10 | B20: 489.090833 | C20: 490.750843 | D20: 484.88083 | E20: 488.970848 | F20: 4005200 | G20: 244.241183 | I20: =(E20-E19)/E19 -> -0.0022241708 | J20: =(G20-G19)/G19 -> -0.0022241706 | K20: =(J20-$O$8)^2 -> 9.6250231e-06 | N20: Count | O20: 1511
A21: 7/27/10 | B21: 490.580836 | C21: 497.500854 | D21: 490.170826 | E21: 492.630853 | F21: 4920700 | G21: 246.069357 | I21: =(E21-E20)/E20 -> 0.007485119 | J21: =(G21-G20)/G20 -> 0.0074851177 | K21: =(J21-$O$8)^2 -> 4.3650681e-05 | N21: Confidence Level(095%) | O21: 0.00080730281
A22: 7/28/10 | B22: 494.940844 | C22: 495.25084 | D22: 482.670822 | E22: 484.350835 | F22: 5010600 | G22: 241.933484 | I22: =(E22-E21)/E21 -> -0.016807754 | J22: =(G22-G21)/G21 -> -0.016807753 | K22: =(J22-$O$8)^2 -> 0.00031279476
A23: 7/29/10 | B23: 485.950837 | C23: 488.880851 | D23: 479.330829 | E23: 484.990829 | F23: 5371000 | G23: 242.253162 | I23: =(E23-E22)/E22 -> 0.0013213439 | J23: =(G23-G22)/G22 -> 0.0013213467 | K23: =(J23-$O$8)^2 -> 1.963333e-07
A24: 7/30/10 | B24: 479.650811 | C24: 487.360829 | D24: 479.140818 | E24: 484.850841 | F24: 4304100 | G24: 242.183237 | I24: =(E24-E23)/E23 -> -0.00028864051 | J24: =(G24-G23)/G23 -> -0.00028864432 | K24: =(J24-$O$8)^2 -> 1.3616459e-06
A25: 8/2/10 | B25: 488.99085 | C25: 493.280834 | D25: 486.940833 | E25: 490.410828 | F25: 3731300 | G25: 244.960454 | I25: =(E25-E24)/E24 -> 0.011467417 | J25: =(G25-G24)/G24 -> 0.01146742 | K25: =(J25-$O$8)^2 -> 0.0001121305
A26: 8/3/10 | B26: 490.500856 | C26: 492.460845 | D26: 486.760839 | E26: 489.830841 | F26: 3618100 | G26: 244.67075 | I26: =(E26-E25)/E25 -> -0.0011826554 | J26: =(G26-G25)/G25 -> -0.0011826562 | K26: =(J26-$O$8)^2 -> 4.2473406e-06
A27: 8/4/10 | B27: 492.180838 | C27: 507.000884 | D27: 491.050853 | E27: 506.320853 | F27: 7653500 | G27: 252.907519 | I27: =(E27-E26)/E26 -> 0.033664708 | J27: =(G27-G26)/G26 -> 0.033664707 | K27: =(J27-$O$8)^2 -> 0.0010749516
A28: 8/5/10 | B28: 505.890872 | C28: 508.600886 | D28: 503.560878 | E28: 508.10088 | F28: 4858900 | G28: 253.796643 | I28: =(E28-E27)/E27 -> 0.0035156107 | J28: =(G28-G27)/G27 -> 0.0035156092 | K28: =(J28-$O$8)^2 -> 6.9556555e-06
A29: 8/6/10 | B29: 505.400882 | C29: 505.740867 | D29: 496.050856 | E29: 500.220854 | F29: 6663800 | G29: 249.860567 | I29: =(E29-E28)/E28 -> -0.015508782 | J29: =(G29-G28)/G28 -> -0.015508779 | K29: =(J29-$O$8)^2 -> 0.00026853476
A30: 8/9/10 | B30: 502.250869 | C30: 505.500865 | D30: 501.360856 | E30: 505.35086 | F30: 3758300 | G30: 252.423007 | I30: =(E30-E29)/E29 -> 0.010255482 | J30: =(G30-G29)/G29 -> 0.01025548 | K30: =(J30-$O$8)^2 -> 8.793241e-05
A31: 8/10/10 | B31: 502.350852 | C31: 506.000871 | D31: 498.570861 | E31: 503.710852 | F31: 4163400 | G31: 251.603822 | I31: =(E31-E30)/E30 -> -0.0032452859 | J31: =(G31-G30)/G30 -> -0.0032452866 | K31: =(J31-$O$8)^2 -> 1.7003567e-05
A32: 8/11/10 | B32: 497.730839 | C32: 498.00086 | D32: 491.500838 | E32: 491.74084 | F32: 4462600 | G32: 245.624795 | I32: =(E32-E31)/E31 -> -0.023763657 | J32: =(G32-G31)/G31 -> -0.023763657 | K32: =(J32-$O$8)^2 -> 0.00060722367
A33: 8/12/10 | B33: 483.940825 | C33: 494.750834 | D33: 482.510831 | E33: 492.01083 | F33: 4425700 | G33: 245.759655 | I33: =(E33-E32)/E32 -> 0.00054904937 | J33: =(G33-G32)/G32 -> 0.0005490488 | K33: =(J33-$O$8)^2 -> 1.0837443e-07
... A1514: 6/30/16 | B1514: 685.469971 | C1514: 692.320007 | D1514: 683.650024 | E1514: 692.099976 | F1514: 1597700 | G1514: 692.099976 | I1514: =(E1514-E1513)/E1513 -> 0.011679395 | J1514: =(G1514-G1513)/G1513 -> 0.011679395 | K1514: =(J1514-$O$8)^2 -> 0.00011666471

Sheet TSLA
A1: Date | B1: Open | C1: High | D1: Low | E1: Close | F1: Volume | G1: Adj Close | I1: Return Close | J1: Return Adj. Close | K1: Squared Deviation
A3: 6/30/10 | B3: 25.790001 | C3: 30.42 | D3: 23.299999 | E3: 23.83 | F3: 17187100 | G3: 23.83
A4: 7/1/10 | B4: 25 | C4: 25.92 | D4: 20.27 | E4: 21.959999 | F4: 8218800 | G4: 21.959999 | I4: =(E4-E3)/E3 -> -0.078472556 | J4: =(G4-G3)/G3 -> -0.078472556 | K4: =(J4-$O$8)^2 -> 0.0064803627
A5: 7/2/10 | B5: 23 | C5: 23.1 | D5: 18.709999 | E5: 19.200001 | F5: 5139800 | G5: 19.200001 | I5: =(E5-E4)/E4 -> -0.12568297 | J5: =(G5-G4)/G4 -> -0.12568297 | K5: =(J5-$O$8)^2 -> 0.01631013
A6: 7/6/10 | B6: 20 | C6: 20 | D6: 15.83 | E6: 16.110001 | F6: 6866900 | G6: 16.110001 | I6: =(E6-E5)/E5 -> -0.16093749 | J6: =(G6-G5)/G5 -> -0.16093749 | K6: =(J6-$O$8)^2 -> 0.026557798 | N6: Column1
A7: 7/7/10 | B7: 16.4 | C7: 16.629999 | D7: 14.98 | E7: 15.8 | F7: 6921700 | G7: 15.8 | I7: =(E7-E6)/E6 -> -0.019242767 | J7: =(G7-G6)/G6 -> -0.019242767 | K7: =(J7-$O$8)^2 -> 0.00045245167
A8: 7/8/10 | B8: 16.139999 | C8: 17.52 | D8: 15.57 | E8: 17.459999 | F8: 7711400 | G8: 17.459999 | I8: =(E8-E7)/E7 -> 0.10506323 | J8: =(G8-G7)/G7 -> 0.10506323 | K8: =(J8-$O$8)^2 -> 0.010616228 | N8: Mean | O8: 0.0020281441
A9: 7/9/10 | B9: 17.58 | C9: 17.9 | D9: 16.549999 | E9: 17.4 | F9: 4050600 | G9: 17.4 | I9: =(E9-E8)/E8 -> -0.003436369 | J9: =(G9-G8)/G8 -> -0.003436369 | K9: =(J9-$O$8)^2 -> 2.9860904e-05 | N9: Standard Error | O9: 0.00088028439 | Q9: Sharpe Ratio
A10: 7/12/10 | B10: 17.950001 | C10: 18.07 | D10: 17 | E10: 17.049999 | F10: 2202500 | G10: 17.049999 | I10: =(E10-E9)/E9 -> -0.020115 | J10: =(G10-G9)/G9 -> -0.020115 | K10: =(J10-$O$8)^2 -> 0.00049031883 | N10: Median | O10: 0.00090121672 | Q10: =(O8-0)/O12 -> 0.05927118
A11: 7/13/10 | B11: 17.389999 | C11: 18.639999 | D11: 16.9 | E11: 18.139999 | F11: 2680100 | G11: 18.139999 | I11: =(E11-E10)/E10 -> 0.063929623 | J11: =(G11-G10)/G10 -> 0.063929623 | K11: =(J11-$O$8)^2 -> 0.003831793 | N11: Mode | O11: 0
A12: 7/14/10 | B12: 17.940001 | C12: 20.15 | D12: 17.76 | E12: 19.84 | F12: 4195200 | G12: 19.84 | I12: =(E12-E11)/E11 -> 0.093715606 | J12: =(G12-G11)/G11 -> 0.093715606 | K12: =(J12-$O$8)^2 -> 0.0084065907 | N12: Standard Deviation | O12: 0.034218048
A13: 7/15/10 | B13: 19.940001 | C13: 21.5 | D13: 19 | E13: 19.889999 | F13: 3739800 | G13: 19.889999 | I13: =(E13-E12)/E12 -> 0.0025201109 | J13: =(G13-G12)/G12 -> 0.0025201109 | K13: =(J13-$O$8)^2 -> 2.4203133e-07 | N13: Sample Variance | O13: 0.0011708748
A14: 7/16/10 | B14: 20.700001 | C14: 21.299999 | D14: 20.049999 | E14: 20.639999 | F14: 2621300 | G14: 20.639999 | I14: =(E14-E13)/E13 -> 0.037707393 | J14: =(G14-G13)/G13 -> 0.037707393 | K14: =(J14-$O$8)^2 -> 0.0012730088 | N14: Kurtosis | O14: 6.1813441
A15: 7/19/10 | B15: 21.370001 | C15: 22.25 | D15: 20.92 | E15: 21.91 | F15: 2486500 | G15: 21.91 | I15: =(E15-E14)/E14 -> 0.061531059 | J15: =(G15-G14)/G14 -> 0.061531059 | K15: =(J15-$O$8)^2 -> 0.0035405969 | N15: Skewness | O15: 0.52448696
A16: 7/20/10 | B16: 21.85 | C16: 21.85 | D16: 20.049999 | E16: 20.299999 | F16: 1825300 | G16: 20.299999 | I16: =(E16-E15)/E15 -> -0.073482474 | J16: =(G16-G15)/G15 -> -0.073482474 | K16: =(J16-$O$8)^2 -> 0.0057018534 | N16: Range | O16: 0.43722484
A17: 7/21/10 | B17: 20.66 | C17: 20.9 | D17: 19.5 | E17: 20.219999 | F17: 1252500 | G17: 20.219999 | I17: =(E17-E16)/E16 -> -0.0039408869 | J17: =(G17-G16)/G16 -> -0.0039408869 | K17: =(J17-$O$8)^2 -> 3.5629331e-05 | N17: Minimum | O17: -0.1932743
A18: 7/22/10 | B18: 20.5 | C18: 21.25 | D18: 20.370001 | E18: 21 | F18: 957800 | G18: 21 | I18: =(E18-E17)/E17 -> 0.038575719 | J18: =(G18-G17)/G17 -> 0.038575719 | K18: =(J18-$O$8)^2 -> 0.0013357252 | N18: Maximum | O18: 0.24395054
A19: 7/23/10 | B19: 21.190001 | C19: 21.559999 | D19: 21.059999 | E19: 21.290001 | F19: 653600 | G19: 21.290001 | I19: =(E19-E18)/E18 -> 0.013809571 | J19: =(G19-G18)/G18 -> 0.013809571 | K19: =(J19-$O$8)^2 -> 0.00013880203 | N19: Sum | O19: 3.0645257
A20: 7/26/10 | B20: 21.5 | C20: 21.5 | D20: 20.299999 | E20: 20.950001 | F20: 922200 | G20: 20.950001 | I20: =(E20-E19)/E19 -> -0.015969938 | J20: =(G20-G19)/G19 -> -0.015969938 | K20: =(J20-$O$8)^2 -> 0.00032393097 | N20: Count | O20: 1511
A21: 7/27/10 | B21: 20.91 | C21: 21.18 | D21: 20.26 | E21: 20.549999 | F21: 619700 | G21: 20.549999 | I21: =(E21-E20)/E20 -> -0.019093173 | J21: =(G21-G20)/G20 -> -0.019093173 | K21: =(J21-$O$8)^2 -> 0.00044611005 | N21: Confidence Level(095%) | O21: 0.0017267098
A22: 7/28/10 | B22: 20.549999 | C22: 20.9 | D22: 20.51 | E22: 20.719999 | F22: 467200 | G22: 20.719999 | I22: =(E22-E21)/E21 -> 0.0082725065 | J22: =(G22-G21)/G21 -> 0.0082725065 | K22: =(J22-$O$8)^2 -> 3.8992062e-05
A23: 7/29/10 | B23: 20.77 | C23: 20.879999 | D23: 20 | E23: 20.35 | F23: 616000 | G23: 20.35 | I23: =(E23-E22)/E22 -> -0.017857095 | J23: =(G23-G22)/G22 -> -0.017857095 | K23: =(J23-$O$8)^2 -> 0.00039542275
A24: 7/30/10 | B24: 20.200001 | C24: 20.440001 | D24: 19.549999 | E24: 19.940001 | F24: 426900 | G24: 19.940001 | I24: =(E24-E23)/E23 -> -0.020147371 | J24: =(G24-G23)/G23 -> -0.020147371 | K24: =(J24-$O$8)^2 -> 0.00049175347
A25: 8/2/10 | B25: 20.5 | C25: 20.969999 | D25: 20.33 | E25: 20.92 | F25: 718100 | G25: 20.92 | I25: =(E25-E24)/E24 -> 0.04914739 | J25: =(G25-G24)/G24 -> 0.04914739 | K25: =(J25-$O$8)^2 -> 0.0022202233
A26: 8/3/10 | B26: 21 | C26: 21.950001 | D26: 20.82 | E26: 21.950001 | F26: 1230500 | G26: 21.950001 | I26: =(E26-E25)/E25 -> 0.049235229 | J26: =(G26-G25)/G25 -> 0.049235229 | K26: =(J26-$O$8)^2 -> 0.0022285089
A27: 8/4/10 | B27: 21.950001 | C27: 22.18 | D27: 20.85 | E27: 21.26 | F27: 913000 | G27: 21.26 | I27: =(E27-E26)/E26 -> -0.031435124 | J27: =(G27-G26)/G26 -> -0.031435124 | K27: =(J27-$O$8)^2 -> 0.0011197903
A28: 8/5/10 | B28: 21.540001 | C28: 21.549999 | D28: 20.049999 | E28: 20.450001 | F28: 796200 | G28: 20.450001 | I28: =(E28-E27)/E27 -> -0.038099671 | J28: =(G28-G27)/G27 -> -0.038099671 | K28: =(J28-$O$8)^2 -> 0.0016102415
A29: 8/6/10 | B29: 20.1 | C29: 20.16 | D29: 19.52 | E29: 19.59 | F29: 741900 | G29: 19.59 | I29: =(E29-E28)/E28 -> -0.042053837 | J29: =(G29-G28)/G28 -> -0.042053837 | K29: =(J29-$O$8)^2 -> 0.001943221
A30: 8/9/10 | B30: 19.9 | C30: 19.98 | D30: 19.450001 | E30: 19.6 | F30: 812700 | G30: 19.6 | I30: =(E30-E29)/E29 -> 0.00051046452 | J30: =(G30-G29)/G29 -> 0.00051046452 | K30: =(J30-$O$8)^2 -> 2.3033513e-06
A31: 8/10/10 | B31: 19.65 | C31: 19.65 | D31: 18.82 | E31: 19.030001 | F31: 1281300 | G31: 19.030001 | I31: =(E31-E30)/E30 -> -0.029081582 | J31: =(G31-G30)/G30 -> -0.029081582 | K31: =(J31-$O$8)^2 -> 0.00096781503
A32: 8/11/10 | B32: 18.690001 | C32: 18.879999 | D32: 17.85 | E32: 17.9 | F32: 797600 | G32: 17.9 | I32: =(E32-E31)/E31 -> -0.059379976 | J32: =(G32-G31)/G31 -> -0.059379976 | K32: =(J32-$O$8)^2 -> 0.0037709572
A33: 8/12/10 | B33: 17.799999 | C33: 17.9 | D33: 17.389999 | E33: 17.6 | F33: 691000 | G33: 17.6 | I33: =(E33-E32)/E32 -> -0.016759777 | J33: =(G33-G32)/G32 -> -0.016759777 | K33: =(J33-$O$8)^2 -> 0.00035298596
... A1514: 6/30/16 | B1514: 212.970001 | C1514: 213.5 | D1514: 209.020004 | E1514: 212.279999 | F1514: 4843100 | G1514: 212.279999 | I1514: =(E1514-E1513)/E1513 -> 0.0099433702 | J1514: =(G1514-G1513)/G1513 -> 0.0099433702 | K1514: =(J1514-$O$8)^2 -> 6.2650804e-05

Sheet TTM
A1: Date | B1: Open | C1: High | D1: Low | E1: Close | F1: Volume | G1: Adj Close | I1: Return Close | J1: Return Adj. Close | K1: Squared Deviation
A3: 6/30/10 | B3: 17.059999 | C3: 18 | D3: 17.059999 | E3: 17.190001 | F3: 1214100 | G3: 16.11441
A4: 7/1/10 | B4: 17 | C4: 17.43 | D4: 16.719999 | E4: 17.379999 | F4: 1210700 | G4: 16.292521 | I4: =(E4-E3)/E3 -> 0.011052821 | J4: =(G4-G3)/G3 -> 0.011052902 | K4: =(J4-$O$8)^2 -> 0.00010481811
A5: 7/2/10 | B5: 17.41 | C5: 17.41 | D5: 17 | E5: 17.16 | F5: 506500 | G5: 16.086287 | I5: =(E5-E4)/E4 -> -0.012658171 | J5: =(G5-G4)/G4 -> -0.012658201 | K5: =(J5-$O$8)^2 -> 0.00018152258
A6: 7/6/10 | B6: 17.51 | C6: 17.620001 | D6: 17.01 | E6: 17.27 | F6: 731900 | G6: 16.189405 | I6: =(E6-E5)/E5 -> 0.0064102564 | J6: =(G6-G5)/G5 -> 0.0064103046 | K6: =(J6-$O$8)^2 -> 3.1309326e-05 | N6: Column1
A7: 7/7/10 | B7: 16.879999 | C7: 17.459999 | D7: 16.879999 | E7: 17.299999 | F7: 903300 | G7: 16.217526 | I7: =(E7-E6)/E6 -> 0.0017370585 | J7: =(G7-G6)/G6 -> 0.0017370002 | K7: =(J7-$O$8)^2 -> 8.5039616e-07
A8: 7/8/10 | B8: 17.58 | C8: 17.68 | D8: 17.200001 | E8: 17.559999 | F8: 879200 | G8: 16.461258 | I8: =(E8-E7)/E7 -> 0.015028903 | J8: =(G8-G7)/G7 -> 0.015028926 | K8: =(J8-$O$8)^2 -> 0.0002020405 | N8: Mean | O8: 0.00081483095
A9: 7/9/10 | B9: 17.51 | C9: 17.74 | D9: 17.41 | E9: 17.65 | F9: 3221400 | G9: 16.545627 | I9: =(E9-E8)/E8 -> 0.005125342 | J9: =(G9-G8)/G8 -> 0.0051253069 | K9: =(J9-$O$8)^2 -> 1.8580203e-05 | N9: Standard Error | O9: 0.00063883895 | Q9: Sharpe Ratio
A10: 7/12/10 | B10: 17.84 | C10: 17.9 | D10: 17.6 | E10: 17.809999 | F10: 662900 | G10: 16.695615 | I10: =(E10-E9)/E9 -> 0.0090650992 | J10: =(G10-G9)/G9 -> 0.0090651143 | K10: =(J10-$O$8)^2 -> 6.8067175e-05 | N10: Median | O10: 0.0008305794 | Q10: =(O8-0)/O12 -> 0.032812846
A11: 7/13/10 | B11: 17.969999 | C11: 18.74 | D11: 17.959999 | E11: 18.52 | F11: 1262000 | G11: 17.361191 | I11: =(E11-E10)/E10 -> 0.039865303 | J11: =(G11-G10)/G10 -> 0.039865318 | K11: =(J11-$O$8)^2 -> 0.0015249405 | N11: Mode | O11: 0
A12: 7/14/10 | B12: 18.25 | C12: 18.25 | D12: 17.73 | E12: 18 | F12: 1116200 | G12: 16.873728 | I12: =(E12-E11)/E11 -> -0.028077754 | J12: =(G12-G11)/G11 -> -0.02807774 | K12: =(J12-$O$8)^2 -> 0.00083478063 | N12: Standard Deviation | O12: 0.024832681
A13: 7/15/10 | B13: 18.049999 | C13: 18.290001 | D13: 17.92 | E13: 18.15 | F13: 779700 | G13: 17.014342 | I13: =(E13-E12)/E12 -> 0.0083333333 | J13: =(G13-G12)/G12 -> 0.0083333096 | K13: =(J13-$O$8)^2 -> 5.6527522e-05 | N13: Sample Variance | O13: 0.00061666206
A14: 7/16/10 | B14: 18.299999 | C14: 18.309999 | D14: 18 | E14: 18.07 | F14: 734300 | G14: 16.939347 | I14: =(E14-E13)/E13 -> -0.0044077135 | J14: =(G14-G13)/G13 -> -0.004407752 | K14: =(J14-$O$8)^2 -> 2.7275373e-05 | N14: Kurtosis | O14: 2.1157794
A15: 7/19/10 | B15: 18.049999 | C15: 18.27 | D15: 17.84 | E15: 18.27 | F15: 532400 | G15: 17.126834 | I15: =(E15-E14)/E14 -> 0.011068069 | J15: =(G15-G14)/G14 -> 0.011068136 | K15: =(J15-$O$8)^2 -> 0.00010513027 | N15: Skewness | O15: 0.07611274
A16: 7/20/10 | B16: 17.99 | C16: 18.379999 | D16: 17.700001 | E16: 18.280001 | F16: 594300 | G16: 17.136208 | I16: =(E16-E15)/E15 -> 0.00054740011 | J16: =(G16-G15)/G15 -> 0.00054732825 | K16: =(J16-$O$8)^2 -> 7.1557698e-08 | N16: Range | O16: 0.2291986
A17: 7/21/10 | B17: 18.34 | C17: 18.450001 | D17: 17.959999 | E17: 18.08 | F17: 717900 | G17: 16.948722 | I17: =(E17-E16)/E16 -> -0.010940973 | J17: =(G17-G16)/G16 -> -0.010940927 | K17: =(J17-$O$8)^2 -> 0.00013819784 | N17: Minimum | O17: -0.10537299
A18: 7/22/10 | B18: 18.49 | C18: 18.969999 | D18: 18.42 | E18: 18.84 | F18: 983500 | G18: 17.661168 | I18: =(E18-E17)/E17 -> 0.042035398 | J18: =(G18-G17)/G17 -> 0.042035382 | K18: =(J18-$O$8)^2 -> 0.0016991338 | N18: Maximum | O18: 0.1238256
A19: 7/23/10 | B19: 18.809999 | C19: 18.9 | D19: 18.530001 | E19: 18.870001 | F19: 710900 | G19: 17.689292 | I19: =(E19-E18)/E18 -> 0.0015924098 | J19: =(G19-G18)/G18 -> 0.0015924202 | K19: =(J19-$O$8)^2 -> 6.0464498e-07 | N19: Sum | O19: 1.2312096
A20: 7/26/10 | B20: 18.360001 | C20: 19.26 | D20: 18.360001 | E20: 19.07 | F20: 841400 | G20: 17.876777 | I20: =(E20-E19)/E19 -> 0.010598781 | J20: =(G20-G19)/G19 -> 0.010598785 | K20: =(J20-$O$8)^2 -> 9.5725754e-05 | N20: Count | O20: 1511
A21: 7/27/10 | B21: 19.120001 | C21: 19.15 | D21: 18.76 | E21: 18.969999 | F21: 1502300 | G21: 17.783033 | I21: =(E21-E20)/E20 -> -0.0052438909 | J21: =(G21-G20)/G20 -> -0.0052438983 | K21: =(J21-$O$8)^2 -> 3.67082e-05 | N21: Confidence Level(095%) | O21: 0.0012531058
A22: 7/28/10 | B22: 18.82 | C22: 19.280001 | D22: 18.82 | E22: 19.24 | F22: 1193000 | G22: 18.03614 | I22: =(E22-E21)/E21 -> 0.014233053 | J22: =(G22-G21)/G21 -> 0.014233061 | K22: =(J22-$O$8)^2 -> 0.00018004891
A23: 7/29/10 | B23: 19.32 | C23: 19.32 | D23: 18.83 | E23: 19.1 | F23: 847800 | G23: 17.9049 | I23: =(E23-E22)/E22 -> -0.0072765073 | J23: =(G23-G22)/G22 -> -0.0072765015 | K23: =(J23-$O$8)^2 -> 6.5469661e-05
A24: 7/30/10 | B24: 18.719999 | C24: 19.25 | D24: 18.68 | E24: 18.91 | F24: 915600 | G24: 17.726788 | I24: =(E24-E23)/E23 -> -0.009947644 | J24: =(G24-G23)/G23 -> -0.009947668 | K24: =(J24-$O$8)^2 -> 0.00011583138
A25: 8/2/10 | B25: 19.110001 | C25: 19.48 | D25: 19.1 | E25: 19.4 | F25: 725200 | G25: 18.186128 | I25: =(E25-E24)/E24 -> 0.025912216 | J25: =(G25-G24)/G24 -> 0.025912196 | K25: =(J25-$O$8)^2 -> 0.00062987772
A26: 8/3/10 | B26: 19.379999 | C26: 19.459999 | D26: 18.799999 | E26: 19.459999 | F26: 724400 | G26: 18.242373 | I26: =(E26-E25)/E25 -> 0.003092732 | J26: =(G26-G25)/G25 -> 0.0030927419 | K26: =(J26-$O$8)^2 -> 5.1888783e-06
A27: 8/4/10 | B27: 19.440001 | C27: 19.5 | D27: 19.120001 | E27: 19.309999 | F27: 579200 | G27: 18.101759 | I27: =(E27-E26)/E26 -> -0.0077081196 | J27: =(G27-G26)/G26 -> -0.0077080981 | K27: =(J27-$O$8)^2 -> 7.2640319e-05
A28: 8/5/10 | B28: 19.129999 | C28: 19.4 | D28: 19.1 | E28: 19.389999 | F28: 377900 | G28: 18.176754 | I28: =(E28-E27)/E27 -> 0.0041429313 | J28: =(G28-G27)/G27 -> 0.0041429675 | K28: =(J28-$O$8)^2 -> 1.1076493e-05
A29: 8/6/10 | B29: 19.5 | C29: 19.870001 | D29: 19.450001 | E29: 19.870001 | F29: 1025200 | G29: 18.939283 | I29: =(E29-E28)/E28 -> 0.024755133 | J29: =(G29-G28)/G28 -> 0.04195078 | K29: =(J29-$O$8)^2 -> 0.0016921663
A30: 8/9/10 | B30: 19.99 | C30: 20.1 | D30: 19.9 | E30: 20.059999 | F30: 940900 | G30: 19.120382 | I30: =(E30-E29)/E29 -> 0.0095620529 | J30: =(G30-G29)/G29 -> 0.0095620832 | K30: =(J30-$O$8)^2 -> 7.6514422e-05
A31: 8/10/10 | B31: 20.360001 | C31: 20.83 | D31: 20.360001 | E31: 20.67 | F31: 2136500 | G31: 19.70181 | I31: =(E31-E30)/E30 -> 0.030408825 | J31: =(G31-G30)/G30 -> 0.030408807 | K31: =(J31-$O$8)^2 -> 0.0008758034
A32: 8/11/10 | B32: 21.15 | C32: 21.690001 | D32: 21.15 | E32: 21.530001 | F32: 3808000 | G32: 20.521527 | I32: =(E32-E31)/E31 -> 0.041606241 | J32: =(G32-G31)/G31 -> 0.041606177 | K32: =(J32-$O$8)^2 -> 0.0016639339
A33: 8/12/10 | B33: 21.57 | C33: 21.889999 | D33: 21.5 | E33: 21.84 | F33: 3046500 | G33: 20.817006 | I33: =(E33-E32)/E32 -> 0.014398467 | J33: =(G33-G32)/G32 -> 0.01439849 | K33: =(J33-$O$8)^2 -> 0.00018451579
... A1514: 6/30/16 | B1514: 33.950001 | C1514: 34.68 | D1514: 33.59 | E1514: 34.669998 | F1514: 1709600 | G1514: 34.65552 | I1514: =(E1514-E1513)/E1513 -> 0.030005882 | J1514: =(G1514-G1513)/G1513 -> 0.030005875 | K1514: =(J1514-$O$8)^2 -> 0.00085211707

Sheet XOM
A1: Date | B1: Open | C1: High | D1: Low | E1: Close | F1: Volume | G1: Adj Close | I1: Return Close | J1: Return Adj. Close | K1: Squared Deviation
A3: 6/30/10 | B3: 57.330002 | C3: 57.73 | D3: 56.919998 | E3: 57.07 | F3: 43944900 | G3: 48.248732
A4: 7/1/10 | B4: 56.98 | C4: 57.27 | D4: 56.169998 | E4: 56.610001 | F4: 47746400 | G4: 47.859834 | I4: =(E4-E3)/E3 -> -0.0080602593 | J4: =(G4-G3)/G3 -> -0.008060274 | K4: =(J4-$O$8)^2 -> 7.347209e-05
A5: 7/2/10 | B5: 56.849998 | C5: 56.990002 | D5: 55.939999 | E5: 56.57 | F5: 32767900 | G5: 47.826016 | I5: =(E5-E4)/E4 -> -0.00070660659 | J5: =(G5-G4)/G4 -> -0.00070660504 | K5: =(J5-$O$8)^2 -> 1.4833223e-06
A6: 7/6/10 | B6: 57.169998 | C6: 57.59 | D6: 56.77 | E6: 57.459999 | F6: 36912100 | G6: 48.578449 | I6: =(E6-E5)/E5 -> 0.015732703 | J6: =(G6-G5)/G5 -> 0.015732713 | K6: =(J6-$O$8)^2 -> 0.00023169105 | N6: Column1
A7: 7/7/10 | B7: 57.369999 | C7: 58.450001 | D7: 57.259998 | E7: 58.43 | F7: 41797200 | G7: 49.398518 | I7: =(E7-E6)/E6 -> 0.016881326 | J7: =(G7-G6)/G6 -> 0.016881334 | K7: =(J7-$O$8)^2 -> 0.0002679776
A8: 7/8/10 | B8: 59.130001 | C8: 59.200001 | D8: 58.130001 | E8: 58.810001 | F8: 40430300 | G8: 49.719782 | I8: =(E8-E7)/E7 -> 0.0065035256 | J8: =(G8-G7)/G7 -> 0.0065035149 | K8: =(J8-$O$8)^2 -> 3.5906494e-05 | N8: Mean | O8: 0.00051131218
A9: 7/9/10 | B9: 58.759998 | C9: 59.009998 | D9: 58.299999 | E9: 58.779999 | F9: 25976500 | G9: 49.694417 | I9: =(E9-E8)/E8 -> -0.00051015133 | J9: =(G9-G8)/G8 -> -0.00051015912 | K9: =(J9-$O$8)^2 -> 1.0434036e-06 | N9: Standard Error | O9: 0.00030809034 | Q9: Sharpe Ratio
A10: 7/12/10 | B10: 58.290001 | C10: 58.939999 | D10: 58.200001 | E10: 58.939999 | F10: 23515000 | G10: 49.829686 | I10: =(E10-E9)/E9 -> 0.0027220143 | J10: =(G10-G9)/G9 -> 0.002722016 | K10: =(J10-$O$8)^2 -> 4.8872116e-06 | N10: Median | O10: 0.00022706455 | Q10: =(O8-0)/O12 -> 0.042694883
A11: 7/13/10 | B11: 59.599998 | C11: 59.720001 | D11: 59.040001 | E11: 59.419998 | F11: 30514200 | G11: 50.235493 | I11: =(E11-E10)/E10 -> 0.0081438583 | J11: =(G11-G10)/G10 -> 0.0081438803 | K11: =(J11-$O$8)^2 -> 5.8256097e-05 | N11: Mode | O11: 0
A12: 7/14/10 | B12: 59.220001 | C12: 59.34 | D12: 58.619999 | E12: 59.259998 | F12: 26061100 | G12: 50.100224 | I12: =(E12-E11)/E11 -> -0.0026926962 | J12: =(G12-G11)/G11 -> -0.0026926978 | K12: =(J12-$O$8)^2 -> 1.026568e-05 | N12: Standard Deviation | O12: 0.011975959
A13: 7/15/10 | B13: 59.360001 | C13: 59.490002 | D13: 58.59 | E13: 59.27 | F13: 24737300 | G13: 50.10868 | I13: =(E13-E12)/E12 -> 0.00016878165 | J13: =(G13-G12)/G12 -> 0.00016878168 | K13: =(J13-$O$8)^2 -> 1.1732714e-07 | N13: Sample Variance | O13: 0.0001434236
A14: 7/16/10 | B14: 58.84 | C14: 59.110001 | D14: 57.810001 | E14: 57.959999 | F14: 35805700 | G14: 49.001164 | I14: =(E14-E13)/E13 -> -0.022102261 | J14: =(G14-G13)/G13 -> -0.022102278 | K14: =(J14-$O$8)^2 -> 0.00051137448 | N14: Kurtosis | O14: 2.8139857
A15: 7/19/10 | B15: 58.330002 | C15: 58.740002 | D15: 58.099998 | E15: 58.43 | F15: 20960000 | G15: 49.398518 | I15: =(E15-E14)/E14 -> 0.0081090581 | J15: =(G15-G14)/G14 -> 0.0081090727 | K15: =(J15-$O$8)^2 -> 5.7725965e-05 | N15: Skewness | O15: -0.023904715
A16: 7/20/10 | B16: 57.68 | C16: 58.990002 | D16: 57.669998 | E16: 58.950001 | F16: 23807300 | G16: 49.838142 | I16: =(E16-E15)/E15 -> 0.008899555 | J16: =(G16-G15)/G15 -> 0.0088995382 | K16: =(J16-$O$8)^2 -> 7.0362337e-05 | N16: Range | O16: 0.1170412
A17: 7/21/10 | B17: 59.130001 | C17: 59.130001 | D17: 57.599998 | E17: 58.169998 | F17: 26859700 | G17: 49.178704 | I17: =(E17-E16)/E16 -> -0.013231603 | J17: =(G17-G16)/G16 -> -0.013231593 | K17: =(J17-$O$8)^2 -> 0.00018886744 | N17: Minimum | O17: -0.06188182
A18: 7/22/10 | B18: 58.709999 | C18: 59.790001 | D18: 58.66 | E18: 59.380001 | F18: 27051400 | G18: 50.201678 | I18: =(E18-E17)/E17 -> 0.020801153 | J18: =(G18-G17)/G17 -> 0.020801158 | K18: =(J18-$O$8)^2 -> 0.00041167785 | N18: Maximum | O18: 0.055159376
A19: 7/23/10 | B19: 59.259998 | C19: 59.810001 | D19: 58.799999 | E19: 59.720001 | F19: 19281400 | G19: 50.489124 | I19: =(E19-E18)/E18 -> 0.0057258335 | J19: =(G19-G18)/G18 -> 0.0057258245 | K19: =(J19-$O$8)^2 -> 2.7191139e-05 | N19: Sum | O19: 0.7725927
A20: 7/26/10 | B20: 59.700001 | C20: 60.439999 | D20: 59.630001 | E20: 60.389999 | F20: 20236500 | G20: 51.055561 | I20: =(E20-E19)/E19 -> 0.011218988 | J20: =(G20-G19)/G19 -> 0.01121899 | K20: =(J20-$O$8)^2 -> 0.00011465437 | N20: Count | O20: 1511
A21: 7/27/10 | B21: 60.619999 | C21: 60.900002 | D21: 60.389999 | E21: 60.810001 | F21: 22400800 | G21: 51.410644 | I21: =(E21-E20)/E20 -> 0.0069548271 | J21: =(G21-G20)/G20 -> 0.0069548349 | K21: =(J21-$O$8)^2 -> 4.1518986e-05 | N21: Confidence Level(095%) | O21: 0.00060433037
A22: 7/28/10 | B22: 60.73 | C22: 61.27 | D22: 60.73 | E22: 60.91 | F22: 23511100 | G22: 51.495186 | I22: =(E22-E21)/E21 -> 0.0016444499 | J22: =(G22-G21)/G21 -> 0.0016444455 | K22: =(J22-$O$8)^2 -> 1.283991e-06
A23: 7/29/10 | B23: 61.419998 | C23: 61.880001 | D23: 60.290001 | E23: 60.34 | F23: 33763000 | G23: 51.01329 | I23: =(E23-E22)/E22 -> -0.0093580693 | J23: =(G23-G22)/G22 -> -0.0093580786 | K23: =(J23-$O$8)^2 -> 9.7404875e-05
A24: 7/30/10 | B24: 60.150002 | C24: 60.509998 | D24: 59.599998 | E24: 59.68 | F24: 29354600 | G24: 50.455306 | I24: =(E24-E23)/E23 -> -0.010938018 | J24: =(G24-G23)/G23 -> -0.010938012 | K24: =(J24-$O$8)^2 -> 0.00013108703
A25: 8/2/10 | B25: 60.639999 | C25: 62.040001 | D25: 60.610001 | E25: 61.939999 | F25: 28144000 | G25: 52.365978 | I25: =(E25-E24)/E24 -> 0.037868616 | J25: =(G25-G24)/G24 -> 0.037868604 | K25: =(J25-$O$8)^2 -> 0.0013955672
A26: 8/3/10 | B26: 61.98 | C26: 62.990002 | D26: 61.880001 | E26: 62.720001 | F26: 31075800 | G26: 53.025417 | I26: =(E26-E25)/E25 -> 0.012592864 | J26: =(G26-G25)/G25 -> 0.01259289 | K26: =(J26-$O$8)^2 -> 0.00014596452
A27: 8/4/10 | B27: 62.860001 | C27: 62.889999 | D27: 62.27 | E27: 62.720001 | F27: 21033800 | G27: 53.025417 | I27: =(E27-E26)/E26 -> 0 | J27: =(G27-G26)/G26 -> 0 | K27: =(J27-$O$8)^2 -> 2.6144014e-07
A28: 8/5/10 | B28: 62.279999 | C28: 62.709999 | D28: 61.849998 | E28: 62.709999 | F28: 19985300 | G28: 53.01696 | I28: =(E28-E27)/E27 -> -0.00015947066 | J28: =(G28-G27)/G27 -> -0.00015948955 | K28: =(J28-$O$8)^2 -> 4.4997496e-07
A29: 8/6/10 | B29: 61.919998 | C29: 62.5 | D29: 61.25 | E29: 61.970001 | F29: 23097300 | G29: 52.391343 | I29: =(E29-E28)/E28 -> -0.011800319 | J29: =(G29-G28)/G28 -> -0.011800318 | K29: =(J29-$O$8)^2 -> 0.00015157624
A30: 8/9/10 | B30: 62.560001 | C30: 62.669998 | D30: 62.18 | E30: 62.450001 | F30: 14731300 | G30: 52.79715 | I30: =(E30-E29)/E29 -> 0.0077456833 | J30: =(G30-G29)/G29 -> 0.0077456881 | K30: =(J30-$O$8)^2 -> 5.2336194e-05
A31: 8/10/10 | B31: 61.849998 | C31: 62.169998 | D31: 61.450001 | E31: 61.93 | F31: 23188500 | G31: 52.357525 | I31: =(E31-E30)/E30 -> -0.0083266772 | J31: =(G31-G30)/G30 -> -0.0083266805 | K31: =(J31-$O$8)^2 -> 7.8110115e-05
A32: 8/11/10 | B32: 60.549999 | C32: 60.66 | D32: 60.200001 | E32: 60.389999 | F32: 24281300 | G32: 51.420899 | I32: =(E32-E31)/E31 -> -0.024866801 | J32: =(G32-G31)/G31 -> -0.017889043 | K32: =(J32-$O$8)^2 -> 0.00033857306
A33: 8/12/10 | B33: 59.700001 | C33: 60.560001 | D33: 59.560001 | E33: 60.23 | F33: 16951300 | G33: 51.284662 | I33: =(E33-E32)/E32 -> -0.0026494288 | J33: =(G33-G32)/G32 -> -0.002649448 | K33: =(J33-$O$8)^2 -> 9.9904051e-06
... A1514: 6/30/16 | B1514: 92.330002 | C1514: 93.830002 | D1514: 92.300003 | E1514: 93.739998 | F1514: 14073700 | G1514: 93.739998 | I1514: =(E1514-E1513)/E1513 -> 0.013843814 | J1514: =(G1514-G1513)/G1513 -> 0.013843814 | K1514: =(J1514-$O$8)^2 -> 0.0001777556

Sheet MSFT
A1: Date | B1: Open | C1: High | D1: Low | E1: Close | F1: Volume | G1: Adj Close | I1: Return Close | J1: Return Adj. Close | K1: Squared Deviation
A3: 6/30/10 | B3: 23.299999 | C3: 23.68 | D3: 22.950001 | E3: 23.01 | F3: 81050500 | G3: 19.541996
A4: 7/1/10 | B4: 23.09 | C4: 23.32 | D4: 22.73 | E4: 23.16 | F4: 92239400 | G4: 19.669388 | I4: =(E4-E3)/E3 -> 0.0065189048 | J4: =(G4-G3)/G3 -> 0.0065188837 | K4: =(J4-$O$8)^2 -> 3.3315387e-05
A5: 7/2/10 | B5: 23.360001 | C5: 23.48 | D5: 23.049999 | E5: 23.27 | F5: 62485100 | G5: 19.76281 | I5: =(E5-E4)/E4 -> 0.0047495682 | J5: =(G5-G4)/G4 -> 0.004749614 | K5: =(J5-$O$8)^2 -> 1.6021435e-05
A6: 7/6/10 | B6: 23.700001 | C6: 24.09 | D6: 23.58 | E6: 23.82 | F6: 73592000 | G6: 20.229915 | I6: =(E6-E5)/E5 -> 0.023635582 | J6: =(G6-G5)/G5 -> 0.023635556 | K6: =(J6-$O$8)^2 -> 0.00052388894 | N6: Descriptive of Adjusted Close
A7: 7/7/10 | B7: 23.82 | C7: 24.32 | D7: 23.610001 | E7: 24.299999 | F7: 79965300 | G7: 20.63757 | I7: =(E7-E6)/E6 -> 0.020151092 | J7: =(G7-G6)/G6 -> 0.020151098 | K7: =(J7-$O$8)^2 -> 0.00037652152
A8: 7/8/10 | B8: 24.6 | C8: 24.620001 | D8: 23.969999 | E8: 24.41 | F8: 50758100 | G8: 20.730992 | I8: =(E8-E7)/E7 -> 0.0045267903 | J8: =(G8-G7)/G7 -> 0.0045267926 | K8: =(J8-$O$8)^2 -> 1.428732e-05 | N8: Mean | O8: 0.00074693549
A9: 7/9/10 | B9: 24.33 | C9: 24.41 | D9: 24.15 | E9: 24.27 | F9: 53806100 | G9: 20.612093 | I9: =(E9-E8)/E8 -> -0.0057353544 | J9: =(G9-G8)/G8 -> -0.0057353261 | K9: =(J9-$O$8)^2 -> 4.2019716e-05 | N9: Standard Error | O9: 0.00038120177 | Q9: Sharpe Ratio
A10: 7/12/10 | B10: 24.43 | C10: 24.889999 | D10: 24.42 | E10: 24.83 | F10: 49854200 | G10: 21.08769 | I10: =(E10-E9)/E9 -> 0.023073754 | J10: =(G10-G9)/G9 -> 0.023073688 | K10: =(J10-$O$8)^2 -> 0.00049848387 | N10: Median | O10: 0.0001807132 | Q10: =(O8-0)/O12 -> 0.050407592
A11: 7/13/10 | B11: 25.139999 | C11: 25.299999 | D11: 24.9 | E11: 25.129999 | F11: 61928700 | G11: 21.342475 | I11: =(E11-E10)/E10 -> 0.012082118 | J11: =(G11-G10)/G10 -> 0.012082167 | K11: =(J11-$O$8)^2 -> 0.00012848748 | N11: Mode | O11: 0
A12: 7/14/10 | B12: 25.5 | C12: 25.610001 | D12: 25.120001 | E12: 25.440001 | F12: 72808100 | G12: 21.605753 | I12: =(E12-E11)/E11 -> 0.012335934 | J12: =(G12-G11)/G11 -> 0.01233587 | K12: =(J12-$O$8)^2 -> 0.00013430341 | N12: Standard Deviation | O12: 0.014817916
A13: 7/15/10 | B13: 25.5 | C13: 25.59 | D13: 24.98 | E13: 25.51 | F13: 56934700 | G13: 21.665203 | I13: =(E13-E12)/E12 -> 0.0027515329 | J13: =(G13-G12)/G12 -> 0.002751582 | K13: =(J13-$O$8)^2 -> 4.0186074e-06 | N13: Sample Variance | O13: 0.00021957065
A14: 7/16/10 | B14: 25.51 | C14: 25.639999 | D14: 24.879999 | E14: 24.889999 | F14: 65064800 | G14: 21.138647 | I14: =(E14-E13)/E13 -> -0.024304234 | J14: =(G14-G13)/G13 -> -0.024304226 | K14: =(J14-$O$8)^2 -> 0.00062756071 | N14: Kurtosis | O14: 7.4317161
A15: 7/19/10 | B15: 24.959999 | C15: 25.299999 | D15: 24.91 | E15: 25.23 | F15: 38181800 | G15: 21.427403 | I15: =(E15-E14)/E14 -> 0.013660145 | J15: =(G15-G14)/G14 -> 0.013660098 | K15: =(J15-$O$8)^2 -> 0.00016674978 | N15: Skewness | O15: 0.066304357
A16: 7/20/10 | B16: 24.860001 | C16: 25.48 | D16: 24.700001 | E16: 25.48 | F16: 45530700 | G16: 21.639724 | I16: =(E16-E15)/E15 -> 0.0099088387 | J16: =(G16-G15)/G15 -> 0.0099088536 | K16: =(J16-$O$8)^2 -> 8.3940744e-05 | N16: Range | O16: 0.21851784
A17: 7/21/10 | B17: 25.6 | C17: 25.65 | D17: 24.98 | E17: 25.120001 | F17: 73297300 | G17: 21.333983 | I17: =(E17-E16)/E16 -> -0.014128689 | J17: =(G17-G16)/G16 -> -0.014128692 | K17: =(J17-$O$8)^2 -> 0.0002212843 | N17: Minimum | O17: -0.11399546
A18: 7/22/10 | B18: 25.51 | C18: 25.99 | D18: 25.469999 | E18: 25.84 | F18: 73016400 | G18: 21.945466 | I18: =(E18-E17)/E17 -> 0.028662379 | J18: =(G18-G17)/G17 -> 0.028662393 | K18: =(J18-$O$8)^2 -> 0.00077927275 | N18: Maximum | O18: 0.10452237
A19: 7/23/10 | B19: 25.84 | C19: 26.02 | D19: 25.25 | E19: 25.809999 | F19: 108520100 | G19: 21.919987 | I19: =(E19-E18)/E18 -> -0.0011610294 | J19: =(G19-G18)/G18 -> -0.0011610143 | K19: =(J19-$O$8)^2 -> 3.6402724e-06 | N19: Sum | O19: 1.1286195
A20: 7/26/10 | B20: 25.860001 | C20: 26.200001 | D20: 25.799999 | E20: 26.1 | F20: 67249900 | G20: 22.16628 | I20: =(E20-E19)/E19 -> 0.011235994 | J20: =(G20-G19)/G19 -> 0.011236001 | K20: =(J20-$O$8)^2 -> 0.0001100205 | N20: Count | O20: 1511
A21: 7/27/10 | B21: 26.139999 | C21: 26.24 | D21: 25.959999 | E21: 26.16 | F21: 60672100 | G21: 22.217236 | I21: =(E21-E20)/E20 -> 0.0022988506 | J21: =(G21-G20)/G20 -> 0.002298807 | K21: =(J21-$O$8)^2 -> 2.4083052e-06 | N21: Confidence Level(095%) | O21: 0.00074774109
A22: 7/28/10 | B22: 26.07 | C22: 26.190001 | D22: 25.83 | E22: 25.950001 | F22: 69704800 | G22: 22.038888 | I22: =(E22-E21)/E21 -> -0.0080274847 | J22: =(G22-G21)/G21 -> -0.0080274612 | K22: =(J22-$O$8)^2 -> 7.6990037e-05
A23: 7/29/10 | B23: 26.129999 | C23: 26.41 | D23: 25.6 | E23: 26.030001 | F23: 69446200 | G23: 22.10683 | I23: =(E23-E22)/E22 -> 0.0030828515 | J23: =(G23-G22)/G22 -> 0.0030828234 | K23: =(J23-$O$8)^2 -> 5.4563724e-06
A24: 7/30/10 | B24: 25.75 | C24: 25.84 | D24: 25.35 | E24: 25.809999 | F24: 83534800 | G24: 21.919987 | I24: =(E24-E23)/E23 -> -0.0084518629 | J24: =(G24-G23)/G23 -> -0.0084518224 | K24: =(J24-$O$8)^2 -> 8.4617146e-05
A25: 8/2/10 | B25: 25.99 | C25: 26.379999 | D25: 25.75 | E25: 26.33 | F25: 55044600 | G25: 22.361615 | I25: =(E25-E24)/E24 -> 0.020147269 | J25: =(G25-G24)/G24 -> 0.020147275 | K25: =(J25-$O$8)^2 -> 0.00037637316
A26: 8/3/10 | B26: 26.200001 | C26: 26.35 | D26: 25.969999 | E26: 26.16 | F26: 56877700 | G26: 22.217236 | I26: =(E26-E25)/E25 -> -0.0064565135 | J26: =(G26-G25)/G25 -> -0.0064565551 | K26: =(J26-$O$8)^2 -> 5.1890277e-05
A27: 8/4/10 | B27: 26.15 | C27: 26.24 | D27: 25.440001 | E27: 25.73 | F27: 78531900 | G27: 21.852045 | I27: =(E27-E26)/E26 -> -0.016437309 | J27: =(G27-G26)/G26 -> -0.016437283 | K27: =(J27-$O$8)^2 -> 0.00029529737
A28: 8/5/10 | B28: 25.49 | C28: 25.58 | D28: 25.209999 | E28: 25.370001 | F28: 64922100 | G28: 21.546304 | I28: =(E28-E27)/E27 -> -0.013991411 | J28: =(G28-G27)/G27 -> -0.013991414 | K28: =(J28-$O$8)^2 -> 0.00021721893
A29: 8/6/10 | B29: 25.18 | C29: 25.559999 | D29: 25.02 | E29: 25.549999 | F29: 55982100 | G29: 21.699173 | I29: =(E29-E28)/E28 -> 0.007094915 | J29: =(G29-G28)/G28 -> 0.0070949059 | K29: =(J29-$O$8)^2 -> 4.0296729e-05
A30: 8/9/10 | B30: 25.549999 | C30: 25.73 | D30: 25.370001 | E30: 25.610001 | F30: 57096500 | G30: 21.750132 | I30: =(E30-E29)/E29 -> 0.002348415 | J30: =(G30-G29)/G29 -> 0.0023484305 | K30: =(J30-$O$8)^2 -> 2.5647863e-06
A31: 8/10/10 | B31: 25.33 | C31: 25.34 | D31: 24.879999 | E31: 25.07 | F31: 87257700 | G31: 21.291518 | I31: =(E31-E30)/E30 -> -0.021085552 | J31: =(G31-G30)/G30 -> -0.021085573 | K31: =(J31-$O$8)^2 -> 0.00047665843
A32: 8/11/10 | B32: 24.68 | C32: 24.9 | D32: 24.559999 | E32: 24.860001 | F32: 76746900 | G32: 21.113169 | I32: =(E32-E31)/E31 -> -0.0083765058 | J32: =(G32-G31)/G31 -> -0.0083765282 | K32: =(J32-$O$8)^2 -> 8.3237589e-05
A33: 8/12/10 | B33: 24.42 | C33: 24.68 | D33: 24.360001 | E33: 24.49 | F33: 70240500 | G33: 20.798934 | I33: =(E33-E32)/E32 -> -0.014883386 | J33: =(G33-G32)/G32 -> -0.014883365 | K33: =(J33-$O$8)^2 -> 0.00024430629
... A1514: 6/30/16 | B1514: 50.720001 | C1514: 51.299999 | D1514: 50.5 | E1514: 51.169998 | F1514: 28527800 | G1514: 51.169998 | I1514: =(E1514-E1513)/E1513 -> 0.012465314 | J1514: =(G1514-G1513)/G1513 -> 0.012465314 | K1514: =(J1514-$O$8)^2 -> 0.0001373204

Sheet WFC
A1: Date | B1: Open | C1: High | D1: Low | E1: Close | F1: Volume | G1: Adj Close | I1: Return Close | J1: Return Adj. Close | K1: Squared Deviation
A3: 6/30/10 | B3: 26.049999 | C3: 26.450001 | D3: 25.52 | E3: 25.6 | F3: 37501000 | G3: 22.132058
A4: 7/1/10 | B4: 25.540001 | C4: 25.940001 | D4: 24.6 | E4: 25.18 | F4: 58947800 | G4: 21.768953 | I4: =(E4-E3)/E3 -> -0.01640625 | J4: =(G4-G3)/G3 -> -0.016406292 | K4: =(J4-$O$8)^2 -> 0.00029008355
A5: 7/2/10 | B5: 25.4 | C5: 25.68 | D5: 24.76 | E5: 24.879999 | F5: 32231100 | G5: 21.509592 | I5: =(E5-E4)/E4 -> -0.011914257 | J5: =(G5-G4)/G4 -> -0.011914262 | K5: =(J5-$O$8)^2 -> 0.00015724681
A6: 7/6/10 | B6: 25.459999 | C6: 25.639999 | D6: 24.790001 | E6: 25.15 | F6: 37248300 | G6: 21.743017 | I6: =(E6-E5)/E5 -> 0.010852131 | J6: =(G6-G5)/G5 -> 0.010852135 | K6: =(J6-$O$8)^2 -> 0.00010458309 | N6: Descriptive of Adjusted Close
A7: 7/7/10 | B7: 25.280001 | C7: 26.73 | D7: 25.139999 | E7: 26.66 | F7: 48830500 | G7: 23.048463 | I7: =(E7-E6)/E6 -> 0.060039761 | J7: =(G7-G6)/G6 -> 0.060039782 | K7: =(J7-$O$8)^2 -> 0.0035300513
A8: 7/8/10 | B8: 27.059999 | C8: 27.059999 | D8: 26.1 | E8: 26.639999 | F8: 38228800 | G8: 23.031171 | I8: =(E8-E7)/E7 -> -0.00075022506 | J8: =(G8-G7)/G7 -> -0.00075024525 | K8: =(J8-$O$8)^2 -> 1.8928059e-06 | N8: Mean | O8: 0.00062554756
A9: 7/9/10 | B9: 26.5 | C9: 27.040001 | D9: 26.4 | E9: 27 | F9: 24905000 | G9: 23.342404 | I9: =(E9-E8)/E8 -> 0.013513552 | J9: =(G9-G8)/G8 -> 0.013513555 | K9: =(J9-$O$8)^2 -> 0.00016610074 | N9: Standard Error | O9: 0.00040250494 | Q9: Sharpe Ratio
A10: 7/12/10 | B10: 26.93 | C10: 27.129999 | D10: 26.559999 | E10: 27.059999 | F10: 18761700 | G10: 23.394276 | I10: =(E10-E9)/E9 -> 0.0022221852 | J10: =(G10-G9)/G9 -> 0.0022222218 | K10: =(J10-$O$8)^2 -> 2.5493688e-06 | N10: Median | O10: 0.00029576343 | Q10: =(O8-0)/O12 -> 0.039981298
A11: 7/13/10 | B11: 27.370001 | C11: 28.08 | D11: 27.32 | E11: 27.940001 | F11: 31658500 | G11: 24.155066 | I11: =(E11-E10)/E10 -> 0.0325204 | J11: =(G11-G10)/G10 -> 0.032520348 | K11: =(J11-$O$8)^2 -> 0.0010172783 | N11: Mode | O11: 0
A12: 7/14/10 | B12: 27.700001 | C12: 27.780001 | D12: 27.25 | E12: 27.66 | F12: 31305800 | G12: 23.912996 | I12: =(E12-E11)/E11 -> -0.01002151 | J12: =(G12-G11)/G11 -> -0.0100215 | K12: =(J12-$O$8)^2 -> 0.00011335963 | N12: Standard Deviation | O12: 0.015646004
A13: 7/15/10 | B13: 27.85 | C13: 28.16 | D13: 27.02 | E13: 27.809999 | F13: 48127100 | G13: 24.042676 | I13: =(E13-E12)/E12 -> 0.0054229573 | J13: =(G13-G12)/G12 -> 0.0054229926 | K13: =(J13-$O$8)^2 -> 2.3015479e-05 | N13: Sample Variance | O13: 0.00024479745
A14: 7/16/10 | B14: 27.440001 | C14: 27.469999 | D14: 26.16 | E14: 26.24 | F14: 55456400 | G14: 22.685358 | I14: =(E14-E13)/E13 -> -0.056454479 | J14: =(G14-G13)/G13 -> -0.056454531 | K14: =(J14-$O$8)^2 -> 0.0032581354 | N14: Kurtosis | O14: 3.9291175
A15: 7/19/10 | B15: 26.27 | C15: 26.4 | D15: 25.620001 | E15: 26.02 | F15: 34667100 | G15: 22.495162 | I15: =(E15-E14)/E14 -> -0.0083841463 | J15: =(G15-G14)/G14 -> -0.0083840863 | K15: =(J15-$O$8)^2 -> 8.1173503e-05 | N15: Skewness | O15: -0.021455868
A16: 7/20/10 | B16: 25.469999 | C16: 25.92 | D16: 25.299999 | E16: 25.91 | F16: 47672300 | G16: 22.400062 | I16: =(E16-E15)/E15 -> -0.0042275173 | J16: =(G16-G15)/G15 -> -0.0042275757 | K16: =(J16-$O$8)^2 -> 2.3552805e-05 | N16: Range | O16: 0.17112063
A17: 7/21/10 | B17: 27.530001 | C17: 27.6 | D17: 25.969999 | E17: 26.059999 | F17: 70914600 | G17: 22.529742 | I17: =(E17-E16)/E16 -> 0.005789232 | J17: =(G17-G16)/G16 -> 0.0057892697 | K17: =(J17-$O$8)^2 -> 2.6664026e-05 | N17: Minimum | O17: -0.090440273
A18: 7/22/10 | B18: 26.620001 | C18: 27.49 | D18: 26.549999 | E18: 27.389999 | F18: 53000300 | G18: 23.679572 | I18: =(E18-E17)/E17 -> 0.051036073 | J18: =(G18-G17)/G17 -> 0.051036093 | K18: =(J18-$O$8)^2 -> 0.0025412231 | N18: Maximum | O18: 0.080680352
A19: 7/23/10 | B19: 27.33 | C19: 27.549999 | D19: 27 | E19: 27.42 | F19: 25737000 | G19: 23.705508 | I19: =(E19-E18)/E18 -> 0.0010953268 | J19: =(G19-G18)/G18 -> 0.0010952901 | K19: =(J19-$O$8)^2 -> 2.2065803e-07 | N19: Sum | O19: 0.94520236
A20: 7/26/10 | B20: 27.450001 | C20: 27.92 | D20: 27.23 | E20: 27.91 | F20: 22724200 | G20: 24.129129 | I20: =(E20-E19)/E19 -> 0.017870168 | J20: =(G20-G19)/G19 -> 0.017870151 | K20: =(J20-$O$8)^2 -> 0.00029737634 | N20: Count | O20: 1511
A21: 7/27/10 | B21: 28.41 | C21: 28.77 | D21: 28.24 | E21: 28.389999 | F21: 38411500 | G21: 24.544105 | I21: =(E21-E20)/E20 -> 0.017198101 | J21: =(G21-G20)/G20 -> 0.017198134 | K21: =(J21-$O$8)^2 -> 0.00027465063 | N21: Confidence Level(095%) | O21: 0.00078952803
A22: 7/28/10 | B22: 28.25 | C22: 28.540001 | D22: 27.92 | E22: 28.07 | F22: 23935100 | G22: 24.267455 | I22: =(E22-E21)/E21 -> -0.01127154 | J22: =(G22-G21)/G21 -> -0.011271546 | K22: =(J22-$O$8)^2 -> 0.00014154083
A23: 7/29/10 | B23: 28.32 | C23: 28.49 | D23: 27.48 | E23: 27.690001 | F23: 30045500 | G23: 23.938933 | I23: =(E23-E22)/E22 -> -0.013537549 | J23: =(G23-G22)/G22 -> -0.013537555 | K23: =(J23-$O$8)^2 -> 0.00020059347
A24: 7/30/10 | B24: 27.27 | C24: 27.99 | D24: 27.25 | E24: 27.73 | F24: 27490900 | G24: 23.973513 | I24: =(E24-E23)/E23 -> 0.0014445287 | J24: =(G24-G23)/G23 -> 0.0014445088 | K24: =(J24-$O$8)^2 -> 6.7069756e-07
A25: 8/2/10 | B25: 28.290001 | C25: 28.58 | D25: 27.950001 | E25: 28.57 | F25: 28005100 | G25: 24.699721 | I25: =(E25-E24)/E24 -> 0.030292102 | J25: =(G25-G24)/G24 -> 0.030292098 | K25: =(J25-$O$8)^2 -> 0.0008801042
A26: 8/3/10 | B26: 28.450001 | C26: 28.49 | D26: 27.940001 | E26: 28.120001 | F26: 29544200 | G26: 24.310682 | I26: =(E26-E25)/E25 -> -0.015750753 | J26: =(G26-G25)/G25 -> -0.015750745 | K26: =(J26-$O$8)^2 -> 0.00026818295
A27: 8/4/10 | B27: 28.17 | C27: 28.25 | D27: 27.700001 | E27: 27.93 | F27: 28936700 | G27: 24.189431 | I27: =(E27-E26)/E26 -> -0.0067567921 | J27: =(G27-G26)/G26 -> -0.0049875606 | K27: =(J27-$O$8)^2 -> 3.1506983e-05
A28: 8/5/10 | B28: 27.709999 | C28: 27.959999 | D28: 27.559999 | E28: 27.879999 | F28: 21881200 | G28: 24.146126 | I28: =(E28-E27)/E27 -> -0.0017902256 | J28: =(G28-G27)/G27 -> -0.0017902447 | K28: =(J28-$O$8)^2 -> 5.8360521e-06
A29: 8/6/10 | B29: 27.49 | C29: 27.77 | D29: 27.24 | E29: 27.75 | F29: 38637900 | G29: 24.033538 | I29: =(E29-E28)/E28 -> -0.004662805 | J29: =(G29-G28)/G28 -> -0.004662777 | K29: =(J29-$O$8)^2 -> 2.7966376e-05
A30: 8/9/10 | B30: 27.9 | C30: 28.27 | D30: 27.52 | E30: 28.23 | F30: 29199300 | G30: 24.449253 | I30: =(E30-E29)/E29 -> 0.017297297 | J30: =(G30-G29)/G29 -> 0.017297287 | K30: =(J30-$O$8)^2 -> 0.00027794689
A31: 8/10/10 | B31: 27.940001 | C31: 28.07 | D31: 27.51 | E31: 27.77 | F31: 29837400 | G31: 24.05086 | I31: =(E31-E30)/E30 -> -0.016294722 | J31: =(G31-G30)/G30 -> -0.01629469 | K31: =(J31-$O$8)^2 -> 0.00028629444
A32: 8/11/10 | B32: 27.26 | C32: 27.389999 | D32: 26.26 | E32: 26.299999 | F32: 39624100 | G32: 22.777731 | I32: =(E32-E31)/E31 -> -0.052934858 | J32: =(G32-G31)/G31 -> -0.052934864 | K32: =(J32-$O$8)^2 -> 0.0028687177
A33: 8/12/10 | B33: 26 | C33: 26.389999 | D33: 25.870001 | E33: 26 | F33: 31944800 | G33: 22.517909 | I33: =(E33-E32)/E32 -> -0.011406807 | J33: =(G33-G32)/G32 -> -0.011406843 | K33: =(J33-$O$8)^2 -> 0.00014477842
... A1514: 6/30/16 | B1514: 47.240002 | C1514: 47.360001 | D1514: 46.529999 | E1514: 47.330002 | F1514: 22538800 | G1514: 47.330002 | I1514: =(E1514-E1513)/E1513 -> 0.0076644878 | J1514: =(G1514-G1513)/G1513 -> 0.0076644878 | K1514: =(J1514-$O$8)^2 -> 4.954668e-05

Sheet DJI
A1: Date | B1: Open | C1: High | D1: Low | E1: Close | F1: Volume | G1: Adj Close | I1: Return Close | J1: Return Adj. Close
A3: 6/30/10 | B3: 9868.339844 | C3: 9908.919922 | D3: 9753.839844 | E3: 9774.019531 | F3: 235090000 | G3: 9774.019531
A4: 7/1/10 | B4: 9773.269531 | C4: 9795.480469 | D4: 9621.889648 | E4: 9732.530273 | F4: 262820000 | G4: 9732.530273 | I4: =(E4-E3)/E3 -> -0.0042448511 | J4: =(G4-G3)/G3 -> -0.0042448511
A5: 7/2/10 | B5: 9732.530273 | C5: 9770.870117 | D5: 9614.320312 | E5: 9686.480469 | F5: 199570000 | G5: 9686.480469 | I5: =(E5-E4)/E4 -> -0.0047315346 | J5: =(G5-G4)/G4 -> -0.0047315346
A6: 7/6/10 | B6: 9686.480469 | C6: 9858.129883 | D6: 9659.009766 | E6: 9743.620117 | F6: 261020000 | G6: 9743.620117 | I6: =(E6-E5)/E5 -> 0.0058989071 | J6: =(G6-G5)/G5 -> 0.0058989071 | N6: Column1
A7: 7/7/10 | B7: 9743.620117 | C7: 10026.59961 | D7: 9736.700195 | E7: 10018.28027 | F7: 219560000 | G7: 10018.28027 | I7: =(E7-E6)/E6 -> 0.028188717 | J7: =(G7-G6)/G6 -> 0.028188717
A8: 7/8/10 | B8: 10019.25977 | C8: 10139.86035 | D8: 10019.25977 | E8: 10138.99023 | F8: 192210000 | G8: 10138.99023 | I8: =(E8-E7)/E7 -> 0.01204897 | J8: =(G8-G7)/G7 -> 0.01204897 | N8: Mean | O8: 0.00044317772
A9: 7/9/10 | B9: 10138.99023 | C9: 10201.76953 | D9: 10118.41016 | E9: 10198.03027 | F9: 134810000 | G9: 10198.03027 | I9: =(E9-E8)/E8 -> 0.005823069 | J9: =(G9-G8)/G8 -> 0.005823069 | N9: Standard Error | O9: 0.00023437271 | Q9: Sharpe Ratio
A10: 7/12/10 | B10: 10199.24023 | C10: 10220.28027 | D10: 10146.49023 | E10: 10216.26953 | F10: 131490000 | G10: 10216.26953 | I10: =(E10-E9)/E9 -> 0.0017885081 | J10: =(G10-G9)/G9 -> 0.0017885081 | N10: Median | O10: 0.00053543884 | Q10: =(O8-0)/O12 -> 0.048645048
A11: 7/13/10 | B11: 10217.54981 | C11: 10407.82031 | D11: 10217.54981 | E11: 10363.01953 | F11: 179040000 | G11: 10363.01953 | I11: =(E11-E10)/E10 -> 0.014364343 | J11: =(G11-G10)/G10 -> 0.014364343 | N11: Mode | O11: 0
A12: 7/14/10 | B12: 10370.95996 | C12: 10400.09961 | D12: 10303 | E12: 10366.71973 | F12: 208530000 | G12: 10366.71973 | I12: =(E12-E11)/E11 -> 0.00035705809 | J12: =(G12-G11)/G11 -> 0.00035705809 | N12: Standard Deviation | O12: 0.0091104385
A13: 7/15/10 | B13: 10367.09961 | C13: 10379.74023 | D13: 10240.48047 | E13: 10359.30957 | F13: 210000000 | G13: 10359.30957 | I13: =(E13-E12)/E12 -> -0.00071480277 | J13: =(G13-G12)/G12 -> -0.00071480277 | N13: Sample Variance | O13: 8.300009e-05
A14: 7/16/10 | B14: 10356.2002 | C14: 10356.2002 | D14: 10079.58008 | E14: 10097.90039 | F14: 335060000 | G14: 10097.90039 | I14: =(E14-E13)/E13 -> -0.025234228 | J14: =(G14-G13)/G13 -> -0.025234228 | N14: Kurtosis | O14: 3.3746833
A15: 7/19/10 | B15: 10098.12012 | C15: 10187.28027 | D15: 10073.67969 | E15: 10154.42969 | F15: 176970000 | G15: 10154.42969 | I15: =(E15-E14)/E14 -> 0.0055981241 | J15: =(G15-G14)/G14 -> 0.0055981241 | N15: Skewness | O15: -0.31616629
A16: 7/20/10 | B16: 10151.48047 | C16: 10236.40039 | D16: 10007.75977 | E16: 10229.95996 | F16: 194410000 | G16: 10229.95996 | I16: =(E16-E15)/E15 -> 0.0074381597 | J16: =(G16-G15)/G15 -> 0.0074381597 | N16: Range | O16: 0.097871611
A17: 7/21/10 | B17: 10226.01953 | C17: 10265.54004 | D17: 10065.5 | E17: 10120.53027 | F17: 203900000 | G17: 10120.53027 | I17: =(E17-E16)/E16 -> -0.010696981 | J17: =(G17-G16)/G16 -> -0.010696981 | N17: Minimum | O17: -0.055463727
A18: 7/22/10 | B18: 10121.80957 | C18: 10363.24023 | D18: 10121.80957 | E18: 10322.29981 | F18: 202220000 | G18: 10322.29981 | I18: =(E18-E17)/E17 -> 0.019936657 | J18: =(G18-G17)/G17 -> 0.019936657 | N18: Maximum | O18: 0.042407884
A19: 7/23/10 | B19: 10321.16016 | C19: 10441.9502 | D19: 10287.48047 | E19: 10424.62012 | F19: 200000000 | G19: 10424.62012 | I19: =(E19-E18)/E18 -> 0.0099125497 | J19: =(G19-G18)/G18 -> 0.0099125497 | N19: Sum | O19: 0.66964154
A20: 7/26/10 | B20: 10424.16992 | C20: 10526.79004 | D20: 10414.40039 | E20: 10525.42969 | F20: 178820000 | G20: 10525.42969 | I20: =(E20-E19)/E19 -> 0.0096703351 | J20: =(G20-G19)/G19 -> 0.0096703351 | N20: Count | O20: 1511
A21: 7/27/10 | B21: 10525.28027 | C21: 10578.33008 | D21: 10494.86035 | E21: 10537.69043 | F21: 180550000 | G21: 10537.69043 | I21: =(E21-E20)/E20 -> 0.0011648684 | J21: =(G21-G20)/G20 -> 0.0011648684 | N21: Confidence Level(095%) | O21: 0.00045973058
A22: 7/28/10 | B22: 10537.00977 | C22: 10548.51953 | D22: 10463.21973 | E22: 10497.87988 | F22: 162070000 | G22: 10497.87988 | I22: =(E22-E21)/E21 -> -0.0037779199 | J22: =(G22-G21)/G21 -> -0.0037779199
A23: 7/29/10 | B23: 10498.94043 | C23: 10584.99023 | D23: 10387.38965 | E23: 10467.16016 | F23: 202110000 | G23: 10467.16016 | I23: =(E23-E22)/E22 -> -0.0029262785 | J23: =(G23-G22)/G22 -> -0.0029262785
A24: 7/30/10 | B24: 10465.19043 | C24: 10507.19043 | D24: 10347.5 | E24: 10465.94043 | F24: 208160000 | G24: 10465.94043 | I24: =(E24-E23)/E23 -> -0.00011652922 | J24: =(G24-G23)/G23 -> -0.00011652922
A25: 8/2/10 | B25: 10468.82031 | C25: 10692.2002 | D25: 10468.58984 | E25: 10674.37988 | F25: 167640000 | G25: 10674.37988 | I25: =(E25-E24)/E24 -> 0.019915979 | J25: =(G25-G24)/G24 -> 0.019915979
A26: 8/3/10 | B26: 10673.91992 | C26: 10676.9502 | D26: 10600.95996 | E26: 10636.37988 | F26: 164880000 | G26: 10636.37988 | I26: =(E26-E25)/E25 -> -0.0035599258 | J26: =(G26-G25)/G25 -> -0.0035599258
A27: 8/4/10 | B27: 10630.2002 | C27: 10702.99023 | D27: 10627.53027 | E27: 10680.42969 | F27: 173360000 | G27: 10680.42969 | I27: =(E27-E26)/E26 -> 0.0041414288 | J27: =(G27-G26)/G26 -> 0.0041414288
A28: 8/5/10 | B28: 10679.66992 | C28: 10679.75 | D28: 10612.84961 | E28: 10674.98047 | F28: 139610000 | G28: 10674.98047 | I28: =(E28-E27)/E27 -> -0.00051020606 | J28: =(G28-G27)/G27 -> -0.00051020606
A29: 8/6/10 | B29: 10668.54981 | C29: 10668.7002 | D29: 10515.37012 | E29: 10653.55957 | F29: 154870000 | G29: 10653.55957 | I29: =(E29-E28)/E28 -> -0.0020066454 | J29: =(G29-G28)/G28 -> -0.0020066454
A30: 8/9/10 | B30: 10654.62012 | C30: 10719.94043 | D30: 10649.40039 | E30: 10698.75 | F30: 166330000 | G30: 10698.75 | I30: =(E30-E29)/E29 -> 0.0042418151 | J30: =(G30-G29)/G29 -> 0.0042418151
A31: 8/10/10 | B31: 10696.62988 | C31: 10700.70996 | D31: 10551.62012 | E31: 10644.25 | F31: 203490000 | G31: 10644.25 | I31: =(E31-E30)/E30 -> -0.005094053 | J31: =(G31-G30)/G30 -> -0.005094053
A32: 8/11/10 | B32: 10631.82031 | C32: 10631.90039 | D32: 10367.33008 | E32: 10378.83008 | F32: 219330000 | G32: 10378.83008 | I32: =(E32-E31)/E31 -> -0.024935521 | J32: =(G32-G31)/G31 -> -0.024935521
A33: 8/12/10 | B33: 10361.58008 | C33: 10361.65039 | D33: 10268.70996 | E33: 10319.9502 | F33: 221030000 | G33: 10319.9502 | I33: =(E33-E32)/E32 -> -0.0056730749 | J33: =(G33-G32)/G32 -> -0.0056730749
... A1514: 6/30/16 | B1514: 17712.75977 | C1514: 17930.60938 | D1514: 17711.80078 | E1514: 17929.99023 | F1514: 133030000 | G1514: 17929.99023 | I1514: =(E1514-E1513)/E1513 -> 0.013298378 | J1514: =(G1514-G1513)/G1513 -> 0.013298378

Sheet tests
A1: Probability | B1: WFC | C1: MSFT | D1: Return WFC given weight | E1: Return MSFT given weight | G1: Squared Deviation WFC | H1: Squared Deviation MSFT | I1: Product of WFC and MSFT | K1: Portfolio Return | L1: Square Deviation of Prot. Return
A2: 0.047619048 | B2: 1 | C2: 0 | D2: =B2*WFC!$O$8 -> 0.00062554756 | E2: =C2*MSFT!$O$8 -> 0 | G2: =(D2-$D$25)^2 -> 9.7827436e-08 | H2: =(E2-$E$25)^2 -> 1.3947816e-07 | I2: =D2*E2 -> 0 | K2: =SUMPRODUCT($H$29:$I$29,D2:E2) -> 0.00037532853 | L2: =(K2-$I$24)^2 -> 1.4651417e-09
A3: 0.047619048 | B3: 0.95 | C3: 0.05 | D3: =B3*WFC!$O$8 -> 0.00059427018 | E3: =C3*MSFT!$O$8 -> 3.7346774e-05 | G3: =(D3-$D$25)^2 -> 7.9240223e-08 | H3: =(E3-$E$25)^2 -> 1.1297731e-07 | I3: =D3*E3 -> 2.2194074e-08 | K3: =SUMPRODUCT($H$29:$I$29,D3:E3) -> 0.00037150082 | L3: =(K3-$I$24)^2 -> 1.1867647e-09
A4: 0.047619048 | B4: 0.9 | C4: 0.1 | D4: =B4*WFC!$O$8 -> 0.0005629928 | E4: =C4*MSFT!$O$8 -> 7.4693549e-05 | G4: =(D4-$D$25)^2 -> 6.2609559e-08 | H4: =(E4-$E$25)^2 -> 8.926602e-08 | I4: =D4*E4 -> 4.205193e-08 | K4: =SUMPRODUCT($H$29:$I$29,D4:E4) -> 0.0003676731 | L4: =(K4-$I$24)^2 -> 9.3769066e-10
A5: 0.047619048 | B5: 0.85 | C5: 0.15 | D5: =B5*WFC!$O$8 -> 0.00053171542 | E5: =C5*MSFT!$O$8 -> 0.00011204032 | G5: =(D5-$D$25)^2 -> 4.7935444e-08 | H5: =(E5-$E$25)^2 -> 6.8344297e-08 | I5: =D5*E5 -> 5.9573568e-08 | K5: =SUMPRODUCT($H$29:$I$29,D5:E5) -> 0.00036384538 | L5: =(K5-$I$24)^2 -> 7.1791941e-10
A6: 0.047619048 | B6: 0.8 | C6: 0.2 | D6: =B6*WFC!$O$8 -> 0.00050043804 | E6: =C6*MSFT!$O$8 -> 0.0001493871 | G6: =(D6-$D$25)^2 -> 3.5217877e-08 | H6: =(E6-$E$25)^2 -> 5.0212136e-08 | I6: =D6*E6 -> 7.4758987e-08 | K6: =SUMPRODUCT($H$29:$I$29,D6:E6) -> 0.00036001767 | L6: =(K6-$I$24)^2 -> 5.27451e-10
A7: 0.047619048 | B7: 0.75 | C7: 0.25 | D7: =B7*WFC!$O$8 -> 0.00046916067 | E7: =C7*MSFT!$O$8 -> 0.00018673387 | G7: =(D7-$D$25)^2 -> 2.4456859e-08 | H7: =(E7-$E$25)^2 -> 3.4869539e-08 | I7: =D7*E7 -> 8.7608188e-08 | K7: =SUMPRODUCT($H$29:$I$29,D7:E7) -> 0.00035618995 | L7: =(K7-$I$24)^2 -> 3.6628541e-10
A8: 0.047619048 | B8: 0.7 | C8: 0.3 | D8: =B8*WFC!$O$8 -> 0.00043788329 | E8: =C8*MSFT!$O$8 -> 0.00022408065 | G8: =(D8-$D$25)^2 -> 1.565239e-08 | H8: =(E8-$E$25)^2 -> 2.2316505e-08 | I8: =D8*E8 -> 9.8121171e-08 | K8: =SUMPRODUCT($H$29:$I$29,D8:E8) -> 0.00035236223 | L8: =(K8-$I$24)^2 -> 2.3442266e-10
A9: 0.047619048 | B9: 0.65 | C9: 0.35 | D9: =B9*WFC!$O$8 -> 0.00040660591 | E9: =C9*MSFT!$O$8 -> 0.00026142742 | G9: =(D9-$D$25)^2 -> 8.8044692e-09 | H9: =(E9-$E$25)^2 -> 1.2553034e-08 | I9: =D9*E9 -> 1.0629793e-07 | K9: =SUMPRODUCT($H$29:$I$29,D9:E9) -> 0.00034853452 | L9: =(K9-$I$24)^2 -> 1.3186275e-10
A10: 0.047619048 | B10: 0.6 | C10: 0.4 | D10: =B10*WFC!$O$8 -> 0.00037532853 | E10: =C10*MSFT!$O$8 -> 0.0002987742 | G10: =(D10-$D$25)^2 -> 3.9130974e-09 | H10: =(E10-$E$25)^2 -> 5.5791262e-09 | I10: =D10*E10 -> 1.1213848e-07 | K10: =SUMPRODUCT($H$29:$I$29,D10:E10) -> 0.0003447068 | L10: =(K10-$I$24)^2 -> 5.8605666e-11
A11: 0.047619048 | B11: 0.55 | C11: 0.45 | D11: =B11*WFC!$O$8 -> 0.00034405116 | E11: =C11*MSFT!$O$8 -> 0.00033612097 | G11: =(D11-$D$25)^2 -> 9.7827436e-10 | H11: =(E11-$E$25)^2 -> 1.3947816e-09 | I11: =D11*E11 -> 1.1564281e-07 | K11: =SUMPRODUCT($H$29:$I$29,D11:E11) -> 0.00034087908 | L11: =(K11-$I$24)^2 -> 1.4651417e-11
A12: 0.047619048 | B12: 0.5 | C12: 0.5 | D12: =B12*WFC!$O$8 -> 0.00031277378 | E12: =C12*MSFT!$O$8 -> 0.00037346774 | G12: =(D12-$D$25)^2 -> 1.0579449e-37 | H12: =(E12-$E$25)^2 -> 2.9387359e-39 | I12: =D12*E12 -> 1.1681092e-07 | K12: =SUMPRODUCT($H$29:$I$29,D12:E12) -> 0.00033705136 | L12: =(K12-$I$24)^2 -> 4.7019774e-38
A13: 0.047619048 | B13: 0.45 | C13: 0.55 | D13: =B13*WFC!$O$8 -> 0.0002814964 | E13: =C13*MSFT!$O$8 -> 0.00041081452 | G13: =(D13-$D$25)^2 -> 9.7827436e-10 | H13: =(E13-$E$25)^2 -> 1.3947816e-09 | I13: =D13*E13 -> 1.1564281e-07 | K13: =SUMPRODUCT($H$29:$I$29,D13:E13) -> 0.00033322365 | L13: =(K13-$I$24)^2 -> 1.4651417e-11
... A22: 0.047619048 | B22: 0 | C22: 1 | D22: =B22*WFC!$O$8 -> 0 | E22: =C22*MSFT!$O$8 -> 0.00074693549 | G22: =(D22-$D$25)^2 -> 9.7827436e-08 | H22: =(E22-$E$25)^2 -> 1.3947816e-07 | I22: =D22*E22 -> 0 | K22: =SUMPRODUCT($H$29:$I$29,D22:E22) -> 0.0002987742 | L22: =(K22-$I$24)^2 -> 1.4651417e-09
A23: =SUM(A2:A22) -> 1
D24: Expected Return | E24: Expected Return | H24: Expected Portfolio Return: | I24: =SUMPRODUCT(K2:K22,A2:A22) -> 0.00033705136
D25: =SUMPRODUCT(D2:D22,A2:A22) -> 0.00031277378 | E25: =SUMPRODUCT(E2:E22,A2:A22) -> 0.00037346774 | H25: Variance of Port. Return: | I25: =SUMPRODUCT(L2:L22,A2:A22) -> 5.3721861e-10
D26: Variance of Return | E26: Variance of Return | H26: Std. Dev. Of Port. Return: | I26: =SQRT(I25) -> 2.3177977e-05
D27: =SUMPRODUCT(G2:G22,A2:A22) -> 3.587006e-08 | E27: =SUMPRODUCT(H2:H22,A2:A22) -> 5.1141991e-08
D28: St. Dev. Of Return | E28: St. Dev. Of Return | H28: Invested in WFC (%) | I28: Invested in MSFT(%)
D29: =SQRT(D27) -> 0.00018939393 | E29: =SQRT(E27) -> 0.00022614595 | H29: 0.6 | I29: 0.4
D31: Expected Product of WFC and MSFT | H31: Total Investment
D32: =SUMPRODUCT(I2:I22,A2:A22) -> 7.3980248e-08 | H32: =SUM(H29:I29) -> 1 | I32: = | J32: 1
D33: Correlation between RA and RB
D34: =(D32-D25*E25)/(D29*E29) -> -1 | H34: Portfolio Sharpe Ratio
H35: =(I24-0)/I26 -> 14.54188
